행정동,지하철역,년분기
가락1동,가락시장,20221
가락1동,송파,20221
가락2동,개롱,20221
가락2동,경찰병원,20221
가산동,가산디지털단지,20221
가산동,독산,20221
갈현1동,0,20221
갈현2동,구산,20221
개봉1동,개봉,20221
개포2동,개포동,20221
개포2동,구룡,20221
개포2동,대모산입구,20221
거여1동,거여,20221
공덕동,공덕,20221
공릉1동,공릉(서울과학기술대),20221
공릉1동,태릉입구,20221
공릉2동,화랑대(서울여대입구),20221
공항동,공항시장,20221
공항동,송정,20221
광장동,광나루(장신대),20221
광희동,동대문역사문화공원,20221
구로2동,구일,20221
구로3동,구로디지털단지,20221
구로3동,남구로,20221
구로5동,구로,20221
구의1동,구의(광진구청),20221
구의2동,아차산(어린이대공원후문),20221
구의3동,강변(동서울터미널),20221
금호1가동,신금호,20221
금호4가동,금호,20221
길동,길동,20221
길음1동,길음,20221
남가좌1동,가좌,20221
남영동,남영,20221
남영동,서울역,20221
남영동,숙대입구(갈월),20221
남현동,0,20221
내곡동,청계산입구,20221
노량진1동,노들,20221
노량진1동,노량진,20221
녹번동,녹번,20221
녹번동,역촌,20221
논현1동,논현,20221
논현1동,신사,20221
논현2동,강남구청,20221
논현2동,선정릉,20221
논현2동,학동,20221
능동,군자(능동),20221
능동,어린이대공원(세종대),20221
당산1동,영등포구청,20221
당산2동,당산,20221
대림3동,0,20221
대방동,보라매,20221
대방동,신대방삼거리,20221
대조동,불광,20221
대조동,연신내,20221
대치2동,대치,20221
대치2동,삼성,20221
대치2동,삼성(무역센터),20221
대치2동,학여울,20221
대치4동,0,20221
대흥동,대흥(서강대앞),20221
대흥동,서강대,20221
대흥동,이대,20221
도곡1동,매봉,20221
도곡2동,도곡,20221
도곡2동,한티,20221
도봉2동,도봉,20221
도봉2동,도봉산,20221
독산1동,0,20221
동화동,0,20221
둔촌1동,둔촌동,20221
둔촌1동,둔촌오륜,20221
둔촌2동,중앙보훈병원,20221
등촌1동,증미,20221
등촌3동,가양,20221
마장동,마장,20221
마천1동,마천,20221
망우본동,신내,20221
망우본동,양원,20221
면목3.8동,0,20221
면목4동,용마산,20221
면목본동,면목,20221
명동,명동,20221
명일1동,명일,20221
명일2동,고덕,20221
목1동,목동,20221
목1동,오목교(목동운동장앞),20221
목2동,신목동,20221
목2동,염창,20221
목3동,등촌,20221
묵2동,먹골,20221
문래동,문래,20221
문정2동,문정,20221
문정2동,복정,20221
미아동,미아(서울사이버대학),20221
반포1동,반포,20221
반포1동,사평,20221
반포2동,신반포,20221
반포4동,고속터미널,20221
반포본동,구반포,20221
발산1동,우장산,20221
방배1동,내방,20221
방배2동,남태령,20221
방배3동,방배,20221
방이1동,방이,20221
방이2동,송파나루,20221
방학1동,방학,20221
방화1동,마곡나루,20221
방화1동,신방화,20221
방화2동,개화,20221
방화2동,개화산,20221
방화2동,김포공항,20221
번1동,수유(강북구청),20221
보문동,보문,20221
불광1동,독바위,20221
사근동,용답,20221
사근동,한양대,20221
사당2동,동작(현충원),20221
사당2동,총신대입구(이수),20221
사당4동,남성,20221
사직동,경복궁(정부서울청사),20221
사직동,광화문(세종문화회관),20221
삼선동,성신여대입구(돈암),20221
삼선동,한성대입구(삼선교),20221
삼성1동,봉은사,20221
삼성1동,청담,20221
삼성2동,삼성중앙,20221
삼성2동,선정릉,20221
삼양동,삼양,20221
삼양동,삼양사거리,20221
삼양동,솔샘,20221
상계1동,수락산,20221
상계2동,노원,20221
상계3.4동,0,20221
상계5동,상계,20221
상계8동,마들,20221
상도1동,상도,20221
상도1동,숭실대입구(살피재),20221
상도2동,장승배기,20221
상봉1동,망우,20221
상봉1동,상봉(시외버스터미널),20221
상봉2동,상봉(시외버스터미널),20221
상암동,디지털미디어시티,20221
서강동,광흥창(서강),20221
서강동,상수,20221
서교동,망원,20221
서교동,홍대입구,20221
서빙고동,서빙고,20221
서원동,서원,20221
서원동,신림,20221
서초1동,교대(법원.검찰청),20221
서초2동,강남,20221
서초2동,양재(서초구청),20221
서초3동,교대(법원.검찰청),20221
서초3동,남부터미널(예술의전당),20221
서초3동,서초,20221
석관동,석계,20221
석촌동,석촌,20221
석촌동,석촌고분,20221
성내1동,강동구청,20221
성내2동,강동,20221
성내2동,천호(풍납토성),20221
성산2동,마포구청,20221
성산2동,월드컵경기장(성산),20221
성수1가1동,서울숲,20221
성수1가2동,뚝섬,20221
성수2가3동,성수,20221
소공동,시청,20221
소공동,을지로입구,20221
송천동,미아사거리,20221
송파1동,0,20221
수궁동,온수(성공회대입구),20221
수색동,디지털미디어시티,20221
수색동,수색,20221
수서동,수서,20221
수유1동,화계,20221
수유2동,가오리,20221
숭인2동,0,20221
시흥1동,금천구청,20221
신길1동,신길,20221
신길6동,보라매,20221
신길6동,신풍,20221
신길7동,대방,20221
신길7동,서울지방병무청,20221
신내1동,봉화산(서울의료원),20221
신당동,신당,20221
신당동,청구,20221
신도림동,도림천,20221
신도림동,신도림,20221
신사1동,응암,20221
신사2동,새절(신사),20221
신사동,신대방,20221
신정3동,신정네거리,20221
신정4동,신정(은행정),20221
신정7동,양천구청,20221
신촌동,신촌,20221
아현동,아현,20221
아현동,애오개,20221
안암동,안암(고대병원앞),20221
암사2동,암사,20221
압구정동,압구정,20221
압구정동,압구정로데오,20221
약수동,버티고개,20221
약수동,약수,20221
양재1동,양재(서초구청),20221
양재2동,양재시민의숲(매헌),20221
양평1동,양평,20221
양평2동,선유도,20221
여의동,국회의사당,20221
여의동,샛강,20221
여의동,여의나루,20221
여의동,여의도,20221
역삼1동,강남,20221
역삼1동,선릉,20221
역삼1동,신논현,20221
역삼1동,언주,20221
역삼1동,역삼,20221
영등포동,신길,20221
영등포동,영등포시장,20221
영등포본동,영등포,20221
오금동,오금,20221
오류1동,오류동,20221
오륜동,올림픽공원(한국체대),20221
오륜동,한성백제,20221
옥수동,옥수,20221
왕십리2동,상왕십리,20221
용강동,마포,20221
용답동,답십리,20221
용답동,신답,20221
용답동,장한평,20221
용산2가동,녹사평(용산구청),20221
용신동,신설동,20221
용신동,용두(동대문구청),20221
용신동,제기동,20221
우이동,4.19민주묘지,20221
우이동,북한산우이,20221
우이동,솔밭공원,20221
우장산동,발산,20221
월계2동,월계,20221
월계3동,광운대,20221
월곡2동,상월곡(한국과학기술연구원),20221
월곡2동,월곡(동덕여대),20221
을지로동,을지로3가,20221
을지로동,을지로4가,20221
응봉동,응봉,20221
이문1동,외대앞,20221
이문2동,신이문,20221
이태원1동,이태원,20221
이화동,혜화,20221
인헌동,낙성대,20221
일원본동,일원,20221
자양4동,뚝섬유원지,20221
잠실2동,잠실새내,20221
잠실4동,몽촌토성(평화의문),20221
잠실4동,잠실나루,20221
잠실6동,잠실(송파구청),20221
잠실7동,종합운동장,20221
잠실본동,삼전,20221
잠원동,잠원,20221
장위2동,돌곶이,20221
장지동,장지,20221
장충동,동대입구,20221
전농1동,청량리(서울시립대입구),20221
정릉1동,정릉,20221
정릉4동,북한산보국문,20221
제기동,고려대(종암),20221
종로1.2.3.4가동,0,20221
종로5.6가동,0,20221
중계2.3동,0,20221
중곡3동,중곡,20221
중화2동,중랑,20221
중화2동,중화,20221
증산동,증산(명지대앞),20221
진관동,구파발,20221
창1동,녹천,20221
창1동,쌍문,20221
창5동,창동,20221
창신3동,창신,20221
천연동,독립문,20221
천호1동,굽은다리(강동구민회관앞),20221
청룡동,봉천,20221
청룡동,서울대입구(관악구청),20221
충현동,서대문,20221
충현동,충정로(경기대입구),20221
필동,충무로,20221
하계2동,하계,20221
한강로동,삼각지,20221
한강로동,신용산,20221
한강로동,용산,20221
한강로동,이촌(국립중앙박물관),20221
한남동,한강진,20221
한남동,한남,20221
행당1동,왕십리(성동구청),20221
행당2동,행당,20221
홍제1동,무악재,20221
홍제1동,홍제,20221
화곡1동,까치산,20221
화곡1동,화곡,20221
화양동,건대입구,20221
회현동,서울,20221
회현동,서울역,20221
회현동,회현(남대문시장),20221
효창동,0,20221
휘경1동,회기,20221
흑석동,흑석(중앙대입구),20221
가락1동,가락시장,20222
가락1동,송파,20222
가락2동,개롱,20222
가락2동,경찰병원,20222
가산동,가산디지털단지,20222
가산동,독산,20222
갈현1동,0,20222
갈현2동,구산,20222
개봉1동,개봉,20222
개포2동,개포동,20222
개포2동,구룡,20222
개포2동,대모산입구,20222
거여1동,거여,20222
공덕동,공덕,20222
공릉1동,공릉(서울과학기술대),20222
공릉1동,태릉입구,20222
공릉2동,화랑대(서울여대입구),20222
공항동,공항시장,20222
공항동,송정,20222
광장동,광나루(장신대),20222
광희동,동대문역사문화공원,20222
구로2동,구일,20222
구로3동,구로디지털단지,20222
구로3동,남구로,20222
구로5동,구로,20222
구의1동,구의(광진구청),20222
구의2동,아차산(어린이대공원후문),20222
구의3동,강변(동서울터미널),20222
금호1가동,신금호,20222
금호4가동,금호,20222
길동,길동,20222
길음1동,길음,20222
남가좌1동,가좌,20222
남영동,남영,20222
남영동,서울역,20222
남영동,숙대입구(갈월),20222
남현동,0,20222
내곡동,청계산입구,20222
노량진1동,노들,20222
노량진1동,노량진,20222
녹번동,녹번,20222
녹번동,역촌,20222
논현1동,논현,20222
논현1동,신사,20222
논현2동,강남구청,20222
논현2동,선정릉,20222
논현2동,학동,20222
능동,군자(능동),20222
능동,어린이대공원(세종대),20222
당산1동,영등포구청,20222
당산2동,당산,20222
대림3동,0,20222
대방동,보라매,20222
대방동,신대방삼거리,20222
대조동,불광,20222
대조동,연신내,20222
대치2동,대치,20222
대치2동,삼성,20222
대치2동,삼성(무역센터),20222
대치2동,학여울,20222
대치4동,0,20222
대학동,관악산(서울대),20222
대흥동,대흥(서강대앞),20222
대흥동,서강대,20222
대흥동,이대,20222
도곡1동,매봉,20222
도곡2동,도곡,20222
도곡2동,한티,20222
도봉2동,도봉,20222
도봉2동,도봉산,20222
독산1동,0,20222
동화동,0,20222
둔촌1동,둔촌동,20222
둔촌1동,둔촌오륜,20222
둔촌2동,중앙보훈병원,20222
등촌1동,증미,20222
등촌3동,가양,20222
마장동,마장,20222
마천1동,마천,20222
망우본동,신내,20222
망우본동,양원,20222
면목3.8동,0,20222
면목4동,용마산,20222
면목본동,면목,20222
명동,명동,20222
명일1동,명일,20222
명일2동,고덕,20222
목1동,목동,20222
목1동,오목교(목동운동장앞),20222
목2동,신목동,20222
목2동,염창,20222
목3동,등촌,20222
묵2동,먹골,20222
문래동,문래,20222
문정2동,문정,20222
문정2동,복정,20222
미아동,미아(서울사이버대학),20222
반포1동,반포,20222
반포1동,사평,20222
반포2동,신반포,20222
반포4동,고속터미널,20222
반포본동,구반포,20222
발산1동,우장산,20222
방배1동,내방,20222
방배2동,남태령,20222
방배3동,방배,20222
방이1동,방이,20222
방이2동,송파나루,20222
방학1동,방학,20222
방화1동,마곡나루,20222
방화1동,신방화,20222
방화2동,개화,20222
방화2동,개화산,20222
방화2동,김포공항,20222
번1동,수유(강북구청),20222
보라매동,0,20222
보문동,보문,20222
불광1동,독바위,20222
사근동,용답,20222
사근동,한양대,20222
사당2동,동작(현충원),20222
사당2동,총신대입구(이수),20222
사당4동,남성,20222
사직동,경복궁(정부서울청사),20222
사직동,광화문(세종문화회관),20222
삼선동,성신여대입구(돈암),20222
삼선동,한성대입구(삼선교),20222
삼성1동,봉은사,20222
삼성1동,청담,20222
삼성2동,삼성중앙,20222
삼성2동,선정릉,20222
삼양동,삼양,20222
삼양동,삼양사거리,20222
삼양동,솔샘,20222
상계1동,수락산,20222
상계2동,노원,20222
상계3.4동,0,20222
상계5동,상계,20222
상계8동,마들,20222
상도1동,상도,20222
상도1동,숭실대입구(살피재),20222
상도2동,장승배기,20222
상봉1동,망우,20222
상봉1동,상봉(시외버스터미널),20222
상봉2동,상봉(시외버스터미널),20222
상암동,디지털미디어시티,20222
서강동,광흥창(서강),20222
서강동,상수,20222
서교동,망원,20222
서교동,홍대입구,20222
서림동,서울대벤처타운,20222
서빙고동,서빙고,20222
서원동,서원,20222
서원동,신림,20222
서초1동,교대(법원.검찰청),20222
서초2동,강남,20222
서초2동,양재(서초구청),20222
서초3동,교대(법원.검찰청),20222
서초3동,남부터미널(예술의전당),20222
서초3동,서초,20222
석관동,석계,20222
석촌동,석촌,20222
석촌동,석촌고분,20222
성내1동,강동구청,20222
성내2동,강동,20222
성내2동,천호(풍납토성),20222
성산2동,마포구청,20222
성산2동,월드컵경기장(성산),20222
성수1가1동,서울숲,20222
성수1가2동,뚝섬,20222
성수2가3동,성수,20222
소공동,시청,20222
소공동,을지로입구,20222
송천동,미아사거리,20222
송파1동,0,20222
수궁동,온수(성공회대입구),20222
수색동,디지털미디어시티,20222
수색동,수색,20222
수서동,수서,20222
수유1동,화계,20222
수유2동,가오리,20222
숭인2동,0,20222
시흥1동,금천구청,20222
신길1동,신길,20222
신길6동,보라매,20222
신길6동,신풍,20222
신길7동,대방,20222
신길7동,서울지방병무청,20222
신내1동,봉화산(서울의료원),20222
신당동,신당,20222
신당동,청구,20222
신대방2동,보라매공원,20222
신대방2동,보라매병원,20222
신도림동,도림천,20222
신도림동,신도림,20222
신림동,신림,20222
신사1동,응암,20222
신사2동,새절(신사),20222
신사동,신대방,20222
신정3동,신정네거리,20222
신정4동,신정(은행정),20222
신정7동,양천구청,20222
신촌동,신촌,20222
아현동,아현,20222
아현동,애오개,20222
안암동,안암(고대병원앞),20222
암사2동,암사,20222
압구정동,압구정,20222
압구정동,압구정로데오,20222
약수동,버티고개,20222
약수동,약수,20222
양재1동,양재(서초구청),20222
양재2동,양재시민의숲(매헌),20222
양평1동,양평,20222
양평2동,선유도,20222
여의동,국회의사당,20222
여의동,샛강,20222
여의동,여의나루,20222
여의동,여의도,20222
역삼1동,강남,20222
역삼1동,선릉,20222
역삼1동,신논현,20222
역삼1동,언주,20222
역삼1동,역삼,20222
영등포동,신길,20222
영등포동,영등포시장,20222
영등포본동,영등포,20222
오금동,오금,20222
오류1동,오류동,20222
오륜동,올림픽공원(한국체대),20222
오륜동,한성백제,20222
옥수동,옥수,20222
왕십리2동,상왕십리,20222
용강동,마포,20222
용답동,답십리,20222
용답동,신답,20222
용답동,장한평,20222
용산2가동,녹사평(용산구청),20222
용신동,신설동,20222
용신동,용두(동대문구청),20222
용신동,제기동,20222
우이동,4.19민주묘지,20222
우이동,북한산우이,20222
우이동,솔밭공원,20222
우장산동,발산,20222
월계2동,월계,20222
월계3동,광운대,20222
월곡2동,상월곡(한국과학기술연구원),20222
월곡2동,월곡(동덕여대),20222
을지로동,을지로3가,20222
을지로동,을지로4가,20222
응봉동,응봉,20222
이문1동,외대앞,20222
이문2동,신이문,20222
이태원1동,이태원,20222
이화동,혜화,20222
인헌동,낙성대,20222
일원본동,일원,20222
자양4동,뚝섬유원지,20222
잠실2동,잠실새내,20222
잠실4동,몽촌토성(평화의문),20222
잠실4동,잠실나루,20222
잠실6동,잠실(송파구청),20222
잠실7동,종합운동장,20222
잠실본동,삼전,20222
잠원동,잠원,20222
장위2동,돌곶이,20222
장지동,장지,20222
장충동,동대입구,20222
전농1동,청량리(서울시립대입구),20222
정릉1동,정릉,20222
정릉4동,북한산보국문,20222
제기동,고려대(종암),20222
종로1.2.3.4가동,0,20222
종로5.6가동,0,20222
중계2.3동,0,20222
중곡3동,중곡,20222
중화2동,중랑,20222
중화2동,중화,20222
증산동,증산(명지대앞),20222
진관동,구파발,20222
창1동,녹천,20222
창1동,쌍문,20222
창5동,창동,20222
창신3동,창신,20222
천연동,독립문,20222
천호1동,굽은다리(강동구민회관앞),20222
청룡동,봉천,20222
청룡동,서울대입구(관악구청),20222
충현동,서대문,20222
충현동,충정로(경기대입구),20222
필동,충무로,20222
하계2동,하계,20222
한강로동,삼각지,20222
한강로동,신용산,20222
한강로동,용산,20222
한강로동,이촌(국립중앙박물관),20222
한남동,한강진,20222
한남동,한남,20222
행당1동,왕십리(성동구청),20222
행당2동,행당,20222
홍제1동,무악재,20222
홍제1동,홍제,20222
화곡1동,까치산,20222
화곡1동,화곡,20222
화양동,건대입구,20222
회현동,서울,20222
회현동,서울역,20222
회현동,회현(남대문시장),20222
효창동,0,20222
휘경1동,회기,20222
흑석동,흑석(중앙대입구),20222
가락1동,가락시장,20223
가락1동,송파,20223
가락2동,개롱,20223
가락2동,경찰병원,20223
가산동,가산디지털단지,20223
가산동,독산,20223
갈현1동,0,20223
갈현2동,구산,20223
개봉1동,개봉,20223
개포2동,개포동,20223
개포2동,구룡,20223
개포2동,대모산입구,20223
거여1동,거여,20223
공덕동,공덕,20223
공릉1동,공릉(서울과학기술대),20223
공릉1동,태릉입구,20223
공릉2동,화랑대(서울여대입구),20223
공항동,공항시장,20223
공항동,송정,20223
광장동,광나루(장신대),20223
광희동,동대문역사문화공원,20223
구로2동,구일,20223
구로3동,구로디지털단지,20223
구로3동,남구로,20223
구로5동,구로,20223
구의1동,구의(광진구청),20223
구의2동,아차산(어린이대공원후문),20223
구의3동,강변(동서울터미널),20223
금호1가동,신금호,20223
금호4가동,금호,20223
길동,길동,20223
길음1동,길음,20223
남가좌1동,가좌,20223
남영동,남영,20223
남영동,서울역,20223
남영동,숙대입구(갈월),20223
남현동,0,20223
내곡동,청계산입구,20223
노량진1동,노들,20223
노량진1동,노량진,20223
녹번동,녹번,20223
녹번동,역촌,20223
논현1동,논현,20223
논현1동,신사,20223
논현2동,강남구청,20223
논현2동,선정릉,20223
논현2동,학동,20223
능동,군자(능동),20223
능동,어린이대공원(세종대),20223
당산1동,영등포구청,20223
당산2동,당산,20223
대림3동,0,20223
대방동,보라매,20223
대방동,신대방삼거리,20223
대조동,불광,20223
대조동,연신내,20223
대치2동,대치,20223
대치2동,삼성,20223
대치2동,삼성(무역센터),20223
대치2동,학여울,20223
대치4동,0,20223
대학동,관악산(서울대),20223
대흥동,대흥(서강대앞),20223
대흥동,서강대,20223
대흥동,이대,20223
도곡1동,매봉,20223
도곡2동,도곡,20223
도곡2동,한티,20223
도봉2동,도봉,20223
도봉2동,도봉산,20223
독산1동,0,20223
동화동,0,20223
둔촌1동,둔촌동,20223
둔촌1동,둔촌오륜,20223
둔촌2동,중앙보훈병원,20223
등촌1동,증미,20223
등촌3동,가양,20223
마장동,마장,20223
마천1동,마천,20223
망우본동,신내,20223
망우본동,양원,20223
면목3.8동,0,20223
면목4동,용마산,20223
면목본동,면목,20223
명동,명동,20223
명일1동,명일,20223
명일2동,고덕,20223
목1동,목동,20223
목1동,오목교(목동운동장앞),20223
목2동,신목동,20223
목2동,염창,20223
목3동,등촌,20223
묵2동,먹골,20223
문래동,문래,20223
문정2동,문정,20223
문정2동,복정,20223
미아동,미아(서울사이버대학),20223
반포1동,반포,20223
반포1동,사평,20223
반포2동,신반포,20223
반포4동,고속터미널,20223
반포본동,구반포,20223
발산1동,우장산,20223
방배1동,내방,20223
방배2동,남태령,20223
방배3동,방배,20223
방이1동,방이,20223
방이2동,송파나루,20223
방학1동,방학,20223
방화1동,마곡나루,20223
방화1동,신방화,20223
방화2동,개화,20223
방화2동,개화산,20223
방화2동,김포공항,20223
번1동,수유(강북구청),20223
보라매동,0,20223
보문동,보문,20223
불광1동,독바위,20223
사근동,용답,20223
사근동,한양대,20223
사당2동,동작(현충원),20223
사당2동,총신대입구(이수),20223
사당4동,남성,20223
사직동,경복궁(정부서울청사),20223
사직동,광화문(세종문화회관),20223
삼선동,성신여대입구(돈암),20223
삼선동,한성대입구(삼선교),20223
삼성1동,봉은사,20223
삼성1동,청담,20223
삼성2동,삼성중앙,20223
삼성2동,선정릉,20223
삼양동,삼양,20223
삼양동,삼양사거리,20223
삼양동,솔샘,20223
상계1동,수락산,20223
상계2동,노원,20223
상계3.4동,0,20223
상계5동,상계,20223
상계8동,마들,20223
상도1동,상도,20223
상도1동,숭실대입구(살피재),20223
상도2동,장승배기,20223
상봉1동,망우,20223
상봉1동,상봉(시외버스터미널),20223
상봉2동,상봉(시외버스터미널),20223
상암동,디지털미디어시티,20223
서강동,광흥창(서강),20223
서강동,상수,20223
서교동,망원,20223
서교동,홍대입구,20223
서림동,서울대벤처타운,20223
서빙고동,서빙고,20223
서원동,서원,20223
서원동,신림,20223
서초1동,교대(법원.검찰청),20223
서초2동,강남,20223
서초2동,양재(서초구청),20223
서초3동,교대(법원.검찰청),20223
서초3동,남부터미널(예술의전당),20223
서초3동,서초,20223
석관동,석계,20223
석촌동,석촌,20223
석촌동,석촌고분,20223
성내1동,강동구청,20223
성내2동,강동,20223
성내2동,천호(풍납토성),20223
성산2동,마포구청,20223
성산2동,월드컵경기장(성산),20223
성수1가1동,서울숲,20223
성수1가2동,뚝섬,20223
성수2가3동,성수,20223
소공동,시청,20223
소공동,을지로입구,20223
송천동,미아사거리,20223
송파1동,0,20223
수궁동,온수(성공회대입구),20223
수색동,디지털미디어시티,20223
수색동,수색,20223
수서동,수서,20223
수유1동,화계,20223
수유2동,가오리,20223
숭인2동,0,20223
시흥1동,금천구청,20223
신길1동,신길,20223
신길6동,보라매,20223
신길6동,신풍,20223
신길7동,대방,20223
신길7동,서울지방병무청,20223
신내1동,봉화산(서울의료원),20223
신당동,신당,20223
신당동,청구,20223
신대방2동,보라매공원,20223
신대방2동,보라매병원,20223
신도림동,도림천,20223
신도림동,신도림,20223
신림동,신림,20223
신사1동,응암,20223
신사2동,새절(신사),20223
신사동,신대방,20223
신정3동,신정네거리,20223
신정4동,신정(은행정),20223
신정7동,양천구청,20223
신촌동,신촌,20223
아현동,아현,20223
아현동,애오개,20223
안암동,안암(고대병원앞),20223
암사2동,암사,20223
압구정동,압구정,20223
압구정동,압구정로데오,20223
약수동,버티고개,20223
약수동,약수,20223
양재1동,양재(서초구청),20223
양재2동,양재시민의숲(매헌),20223
양평1동,양평,20223
양평2동,선유도,20223
여의동,국회의사당,20223
여의동,샛강,20223
여의동,여의나루,20223
여의동,여의도,20223
역삼1동,강남,20223
역삼1동,선릉,20223
역삼1동,신논현,20223
역삼1동,언주,20223
역삼1동,역삼,20223
영등포동,신길,20223
영등포동,영등포시장,20223
영등포본동,영등포,20223
오금동,오금,20223
오류1동,오류동,20223
오륜동,올림픽공원(한국체대),20223
오륜동,한성백제,20223
옥수동,옥수,20223
왕십리2동,상왕십리,20223
용강동,마포,20223
용답동,답십리,20223
용답동,신답,20223
용답동,장한평,20223
용산2가동,녹사평(용산구청),20223
용신동,신설동,20223
용신동,용두(동대문구청),20223
용신동,제기동,20223
우이동,4.19민주묘지,20223
우이동,북한산우이,20223
우이동,솔밭공원,20223
우장산동,발산,20223
월계2동,월계,20223
월계3동,광운대,20223
월곡2동,상월곡(한국과학기술연구원),20223
월곡2동,월곡(동덕여대),20223
을지로동,을지로3가,20223
을지로동,을지로4가,20223
응봉동,응봉,20223
이문1동,외대앞,20223
이문2동,신이문,20223
이태원1동,이태원,20223
이화동,혜화,20223
인헌동,낙성대,20223
일원본동,일원,20223
자양4동,뚝섬유원지,20223
잠실2동,잠실새내,20223
잠실4동,몽촌토성(평화의문),20223
잠실4동,잠실나루,20223
잠실6동,잠실(송파구청),20223
잠실7동,종합운동장,20223
잠실본동,삼전,20223
잠원동,잠원,20223
장위2동,돌곶이,20223
장지동,장지,20223
장충동,동대입구,20223
전농1동,청량리(서울시립대입구),20223
정릉1동,정릉,20223
정릉4동,북한산보국문,20223
제기동,고려대(종암),20223
종로1.2.3.4가동,0,20223
종로5.6가동,0,20223
중계2.3동,0,20223
중곡3동,중곡,20223
중화2동,중랑,20223
중화2동,중화,20223
증산동,증산(명지대앞),20223
진관동,구파발,20223
창1동,녹천,20223
창1동,쌍문,20223
창5동,창동,20223
창신3동,창신,20223
천연동,독립문,20223
천호1동,굽은다리(강동구민회관앞),20223
청룡동,봉천,20223
청룡동,서울대입구(관악구청),20223
충현동,서대문,20223
충현동,충정로(경기대입구),20223
필동,충무로,20223
하계2동,하계,20223
한강로동,삼각지,20223
한강로동,신용산,20223
한강로동,용산,20223
한강로동,이촌(국립중앙박물관),20223
한남동,한강진,20223
한남동,한남,20223
행당1동,왕십리(성동구청),20223
행당2동,행당,20223
홍제1동,무악재,20223
홍제1동,홍제,20223
화곡1동,까치산,20223
화곡1동,화곡,20223
화양동,건대입구,20223
회현동,서울,20223
회현동,서울역,20223
회현동,회현(남대문시장),20223
효창동,0,20223
휘경1동,회기,20223
흑석동,흑석(중앙대입구),20223
가락1동,가락시장,20224
가락1동,송파,20224
가락2동,개롱,20224
가락2동,경찰병원,20224
가산동,가산디지털단지,20224
가산동,독산,20224
갈현1동,0,20224
갈현2동,구산,20224
개봉1동,개봉,20224
개포2동,개포동,20224
개포2동,구룡,20224
개포2동,대모산입구,20224
거여1동,거여,20224
공덕동,공덕,20224
공릉1동,공릉(서울과학기술대),20224
공릉1동,태릉입구,20224
공릉2동,화랑대(서울여대입구),20224
공항동,공항시장,20224
공항동,송정,20224
광장동,광나루(장신대),20224
광희동,동대문역사문화공원,20224
구로2동,구일,20224
구로3동,구로디지털단지,20224
구로3동,남구로,20224
구로5동,구로,20224
구의1동,구의(광진구청),20224
구의2동,아차산(어린이대공원후문),20224
구의3동,강변(동서울터미널),20224
금호1가동,신금호,20224
금호4가동,금호,20224
길동,길동,20224
길음1동,길음,20224
남가좌1동,가좌,20224
남영동,남영,20224
남영동,서울역,20224
남영동,숙대입구(갈월),20224
남현동,0,20224
내곡동,청계산입구,20224
노량진1동,노들,20224
노량진1동,노량진,20224
녹번동,녹번,20224
녹번동,역촌,20224
논현1동,논현,20224
논현1동,신사,20224
논현2동,강남구청,20224
논현2동,선정릉,20224
논현2동,학동,20224
능동,군자(능동),20224
능동,어린이대공원(세종대),20224
당산1동,영등포구청,20224
당산2동,당산,20224
대림3동,0,20224
대방동,보라매,20224
대방동,신대방삼거리,20224
대조동,불광,20224
대조동,연신내,20224
대치2동,대치,20224
대치2동,삼성,20224
대치2동,삼성(무역센터),20224
대치2동,학여울,20224
대치4동,0,20224
대학동,관악산(서울대),20224
대흥동,대흥(서강대앞),20224
대흥동,서강대,20224
대흥동,이대,20224
도곡1동,매봉,20224
도곡2동,도곡,20224
도곡2동,한티,20224
도봉2동,도봉,20224
도봉2동,도봉산,20224
독산1동,0,20224
동화동,0,20224
둔촌1동,둔촌동,20224
둔촌1동,둔촌오륜,20224
둔촌2동,중앙보훈병원,20224
등촌1동,증미,20224
등촌3동,가양,20224
마장동,마장,20224
마천1동,마천,20224
망우본동,신내,20224
망우본동,양원,20224
면목3.8동,0,20224
면목4동,용마산,20224
면목본동,면목,20224
명동,명동,20224
명일1동,명일,20224
명일2동,고덕,20224
목1동,목동,20224
목1동,오목교(목동운동장앞),20224
목2동,신목동,20224
목2동,염창,20224
목3동,등촌,20224
묵2동,먹골,20224
문래동,문래,20224
문정2동,문정,20224
문정2동,복정,20224
미아동,미아(서울사이버대학),20224
반포1동,반포,20224
반포1동,사평,20224
반포2동,신반포,20224
반포4동,고속터미널,20224
반포본동,구반포,20224
발산1동,우장산,20224
방배1동,내방,20224
방배2동,남태령,20224
방배3동,방배,20224
방이1동,방이,20224
방이2동,송파나루,20224
방학1동,방학,20224
방화1동,마곡나루,20224
방화1동,신방화,20224
방화2동,개화,20224
방화2동,개화산,20224
방화2동,김포공항,20224
번1동,수유(강북구청),20224
보라매동,0,20224
보문동,보문,20224
불광1동,독바위,20224
사근동,용답,20224
사근동,한양대,20224
사당2동,동작(현충원),20224
사당2동,총신대입구(이수),20224
사당4동,남성,20224
사직동,경복궁(정부서울청사),20224
사직동,광화문(세종문화회관),20224
삼선동,성신여대입구(돈암),20224
삼선동,한성대입구(삼선교),20224
삼성1동,봉은사,20224
삼성1동,청담,20224
삼성2동,삼성중앙,20224
삼성2동,선정릉,20224
삼양동,삼양,20224
삼양동,삼양사거리,20224
삼양동,솔샘,20224
상계1동,수락산,20224
상계2동,노원,20224
상계3.4동,0,20224
상계5동,상계,20224
상계8동,마들,20224
상도1동,상도,20224
상도1동,숭실대입구(살피재),20224
상도2동,장승배기,20224
상봉1동,망우,20224
상봉1동,상봉(시외버스터미널),20224
상봉2동,상봉(시외버스터미널),20224
상암동,디지털미디어시티,20224
서강동,광흥창(서강),20224
서강동,상수,20224
서교동,망원,20224
서교동,홍대입구,20224
서림동,서울대벤처타운,20224
서빙고동,서빙고,20224
서원동,서원,20224
서원동,신림,20224
서초1동,교대(법원.검찰청),20224
서초2동,강남,20224
서초2동,양재(서초구청),20224
서초3동,교대(법원.검찰청),20224
서초3동,남부터미널(예술의전당),20224
서초3동,서초,20224
석관동,석계,20224
석촌동,석촌,20224
석촌동,석촌고분,20224
성내1동,강동구청,20224
성내2동,강동,20224
성내2동,천호(풍납토성),20224
성산2동,마포구청,20224
성산2동,월드컵경기장(성산),20224
성수1가1동,서울숲,20224
성수1가2동,뚝섬,20224
성수2가3동,성수,20224
소공동,시청,20224
소공동,을지로입구,20224
송천동,미아사거리,20224
송파1동,0,20224
수궁동,온수(성공회대입구),20224
수색동,디지털미디어시티,20224
수색동,수색,20224
수서동,수서,20224
수유1동,화계,20224
수유2동,가오리,20224
숭인2동,0,20224
시흥1동,금천구청,20224
신길1동,신길,20224
신길6동,보라매,20224
신길6동,신풍,20224
신길7동,대방,20224
신길7동,서울지방병무청,20224
신내1동,봉화산(서울의료원),20224
신당동,신당,20224
신당동,청구,20224
신대방2동,보라매공원,20224
신대방2동,보라매병원,20224
신도림동,도림천,20224
신도림동,신도림,20224
신림동,신림,20224
신사1동,응암,20224
신사2동,새절(신사),20224
신사동,신대방,20224
신정3동,신정네거리,20224
신정4동,신정(은행정),20224
신정7동,양천구청,20224
신촌동,신촌,20224
아현동,아현,20224
아현동,애오개,20224
안암동,안암(고대병원앞),20224
암사2동,암사,20224
압구정동,압구정,20224
압구정동,압구정로데오,20224
약수동,버티고개,20224
약수동,약수,20224
양재1동,양재(서초구청),20224
양재2동,양재시민의숲(매헌),20224
양평1동,양평,20224
양평2동,선유도,20224
여의동,국회의사당,20224
여의동,샛강,20224
여의동,여의나루,20224
여의동,여의도,20224
역삼1동,강남,20224
역삼1동,선릉,20224
역삼1동,신논현,20224
역삼1동,언주,20224
역삼1동,역삼,20224
영등포동,신길,20224
영등포동,영등포시장,20224
영등포본동,영등포,20224
오금동,오금,20224
오류1동,오류동,20224
오륜동,올림픽공원(한국체대),20224
오륜동,한성백제,20224
옥수동,옥수,20224
왕십리2동,상왕십리,20224
용강동,마포,20224
용답동,답십리,20224
용답동,신답,20224
용답동,장한평,20224
용산2가동,녹사평(용산구청),20224
용신동,신설동,20224
용신동,용두(동대문구청),20224
용신동,제기동,20224
우이동,4.19민주묘지,20224
우이동,북한산우이,20224
우이동,솔밭공원,20224
우장산동,발산,20224
월계2동,월계,20224
월계3동,광운대,20224
월곡2동,상월곡(한국과학기술연구원),20224
월곡2동,월곡(동덕여대),20224
을지로동,을지로3가,20224
을지로동,을지로4가,20224
응봉동,응봉,20224
이문1동,외대앞,20224
이문2동,신이문,20224
이태원1동,이태원,20224
이화동,혜화,20224
인헌동,낙성대,20224
일원본동,일원,20224
자양4동,뚝섬유원지,20224
잠실2동,잠실새내,20224
잠실4동,몽촌토성(평화의문),20224
잠실4동,잠실나루,20224
잠실6동,잠실(송파구청),20224
잠실7동,종합운동장,20224
잠실본동,삼전,20224
잠원동,잠원,20224
장위2동,돌곶이,20224
장지동,장지,20224
장충동,동대입구,20224
전농1동,청량리(서울시립대입구),20224
정릉1동,정릉,20224
정릉4동,북한산보국문,20224
제기동,고려대(종암),20224
종로1.2.3.4가동,0,20224
종로5.6가동,0,20224
중계2.3동,0,20224
중곡3동,중곡,20224
중화2동,중랑,20224
중화2동,중화,20224
증산동,증산(명지대앞),20224
진관동,구파발,20224
창1동,녹천,20224
창1동,쌍문,20224
창5동,창동,20224
창신3동,창신,20224
천연동,독립문,20224
천호1동,굽은다리(강동구민회관앞),20224
청룡동,봉천,20224
청룡동,서울대입구(관악구청),20224
충현동,서대문,20224
충현동,충정로(경기대입구),20224
필동,충무로,20224
하계2동,하계,20224
한강로동,삼각지,20224
한강로동,신용산,20224
한강로동,용산,20224
한강로동,이촌(국립중앙박물관),20224
한남동,한강진,20224
한남동,한남,20224
행당1동,왕십리(성동구청),20224
행당2동,행당,20224
홍제1동,무악재,20224
홍제1동,홍제,20224
화곡1동,까치산,20224
화곡1동,화곡,20224
화양동,건대입구,20224
회현동,서울,20224
회현동,서울역,20224
회현동,회현(남대문시장),20224
효창동,0,20224
휘경1동,회기,20224
흑석동,흑석(중앙대입구),20224
가락본동,오금,20221
가리봉동,0,20221
가양2동,0,20221
가양3동,0,20221
가회동,0,20221
개봉2동,0,20221
개봉3동,0,20221
개포1동,0,20221
개포4동,0,20221
거여2동,0,20221
고덕1동,0,20221
고덕2동,0,20221
고척1동,0,20221
고척2동,0,20221
교남동,0,20221
구로1동,0,20221
구로4동,대림(구로구청),20221
구산동,0,20221
군자동,0,20221
금호2.3가동,0,20221
길음2동,0,20221
낙성대동,0,20221
난곡동,0,20221
난향동,0,20221
남가좌2동,0,20221
노량진2동,0,20221
다산동,약수,20221
다산동,청구,20221
답십리1동,0,20221
답십리2동,0,20221
대림1동,0,20221
대림2동,대림(구로구청),20221
대치1동,도곡,20221
대학동,관악산(서울대),20221
도림동,0,20221
도봉1동,0,20221
도화동,공덕,20221
독산2동,0,20221
독산3동,0,20221
독산4동,0,20221
돈암1동,0,20221
돈암2동,0,20221
동선동,0,20221
등촌2동,0,20221
마천2동,0,20221
망우3동,0,20221
망원1동,0,20221
망원2동,0,20221
면목2동,0,20221
면목5동,0,20221
면목7동,0,20221
목4동,0,20221
목5동,0,20221
무악동,0,20221
묵1동,0,20221
문정1동,0,20221
미성동,0,20221
반포3동,0,20221
방배4동,0,20221
방배본동,0,20221
방학2동,0,20221
방학3동,0,20221
번2동,0,20221
번3동,0,20221
보광동,0,20221
보라매동,0,20221
부암동,0,20221
북가좌1동,0,20221
북가좌2동,0,20221
북아현동,0,20221
불광2동,연신내,20221
사당1동,사당,20221
사당1동,이수,20221
사당3동,0,20221
사당5동,0,20221
삼각산동,0,20221
삼성동,0,20221
삼전동,0,20221
삼청동,0,20221
상계10동,0,20221
상계6.7동,0,20221
상계9동,0,20221
상도3동,0,20221
상도4동,0,20221
서림동,서울대벤처타운,20221
서초4동,0,20221
성내3동,0,20221
성북동,0,20221
성산1동,0,20221
성수2가1동,0,20221
성현동,0,20221
세곡동,0,20221
송정동,0,20221
송중동,0,20221
송파2동,0,20221
수유3동,0,20221
숭인1동,동묘앞,20221
시흥2동,0,20221
시흥3동,0,20221
시흥4동,0,20221
시흥5동,0,20221
신길3동,0,20221
신길4동,0,20221
신길5동,0,20221
신내2동,0,20221
신당5동,신당,20221
신대방1동,0,20221
신대방2동,보라매공원,20221
신대방2동,보라매병원,20221
신림동,신림,20221
신수동,0,20221
신원동,0,20221
신월1동,0,20221
신월2동,0,20221
신월3동,0,20221
신월4동,0,20221
신월5동,0,20221
신월6동,0,20221
신월7동,0,20221
신정1동,0,20221
신정2동,0,20221
신정6동,0,20221
쌍문1동,0,20221
쌍문2동,0,20221
쌍문3동,0,20221
쌍문4동,0,20221
암사1동,0,20221
암사3동,암사역사공원,20221
역삼2동,0,20221
역촌동,0,20221
연남동,0,20221
연희동,0,20221
염리동,0,20221
염창동,0,20221
왕십리도선동,0,20221
용문동,효창공원앞,20221
원효로1동,0,20221
원효로2동,0,20221
월계1동,0,20221
월곡1동,0,20221
위례동,0,20221
은천동,0,20221
응암1동,0,20221
응암2동,0,20221
응암3동,0,20221
이촌1동,0,20221
이촌2동,0,20221
이태원2동,0,20221
인수동,0,20221
일원1동,0,20221
자양1동,0,20221
자양2동,0,20221
자양3동,0,20221
잠실3동,0,20221
장안1동,0,20221
장안2동,0,20221
장위1동,0,20221
장위3동,0,20221
전농2동,0,20221
정릉2동,0,20221
정릉3동,0,20221
조원동,0,20221
종암동,0,20221
중계1동,0,20221
중계4동,0,20221
중계본동,0,20221
중곡1동,0,20221
중곡2동,0,20221
중곡4동,0,20221
중림동,0,20221
중앙동,0,20221
중화1동,0,20221
창2동,0,20221
창3동,0,20221
창4동,창동,20221
창신1동,동대문,20221
창신1동,동묘앞,20221
창신2동,0,20221
천호2동,0,20221
천호3동,0,20221
청구동,0,20221
청담동,0,20221
청량리동,0,20221
청림동,0,20221
청운효자동,0,20221
청파동,0,20221
평창동,0,20221
풍납1동,천호(풍납토성),20221
풍납2동,0,20221
하계1동,0,20221
합정동,합정,20221
행운동,0,20221
혜화동,0,20221
홍은1동,0,20221
홍은2동,0,20221
홍제2동,0,20221
홍제3동,0,20221
화곡2동,0,20221
화곡3동,0,20221
화곡4동,0,20221
화곡6동,0,20221
화곡8동,0,20221
화곡본동,0,20221
황학동,0,20221
회기동,0,20221
후암동,0,20221
휘경2동,0,20221
가락본동,오금,20224
가리봉동,0,20224
가양2동,0,20224
가양3동,0,20224
가회동,0,20224
개봉2동,0,20224
개봉3동,0,20224
개포1동,0,20224
개포4동,0,20224
거여2동,0,20224
고덕1동,0,20224
고덕2동,0,20224
고척1동,0,20224
고척2동,0,20224
교남동,0,20224
구로1동,0,20224
구로4동,대림(구로구청),20224
구산동,0,20224
군자동,0,20224
금호2.3가동,0,20224
길음2동,0,20224
낙성대동,0,20224
난곡동,0,20224
난향동,0,20224
남가좌2동,0,20224
노량진2동,0,20224
다산동,약수,20224
다산동,청구,20224
답십리1동,0,20224
답십리2동,0,20224
대림1동,0,20224
대림2동,대림(구로구청),20224
대치1동,도곡,20224
도림동,0,20224
도봉1동,0,20224
도화동,공덕,20224
독산2동,0,20224
독산3동,0,20224
독산4동,0,20224
돈암1동,0,20224
돈암2동,0,20224
동선동,0,20224
등촌2동,0,20224
마천2동,0,20224
망우3동,0,20224
망원1동,0,20224
망원2동,0,20224
면목2동,0,20224
면목5동,0,20224
면목7동,0,20224
목4동,0,20224
목5동,0,20224
무악동,0,20224
묵1동,0,20224
문정1동,0,20224
미성동,0,20224
반포3동,0,20224
방배4동,0,20224
방배본동,0,20224
방학2동,0,20224
방학3동,0,20224
번2동,0,20224
번3동,0,20224
보광동,0,20224
부암동,0,20224
북가좌1동,0,20224
북가좌2동,0,20224
북아현동,0,20224
불광2동,연신내,20224
사당1동,사당,20224
사당1동,이수,20224
사당3동,0,20224
사당5동,0,20224
삼각산동,0,20224
삼성동,0,20224
삼전동,0,20224
삼청동,0,20224
상계10동,0,20224
상계6.7동,0,20224
상계9동,0,20224
상도3동,0,20224
상도4동,0,20224
서초4동,0,20224
성내3동,0,20224
성북동,0,20224
성산1동,0,20224
성수2가1동,0,20224
성현동,0,20224
세곡동,0,20224
송정동,0,20224
송중동,0,20224
송파2동,0,20224
수유3동,0,20224
숭인1동,동묘앞,20224
시흥2동,0,20224
시흥3동,0,20224
시흥4동,0,20224
시흥5동,0,20224
신길3동,0,20224
신길4동,0,20224
신길5동,0,20224
신내2동,0,20224
신당5동,신당,20224
신대방1동,0,20224
신수동,0,20224
신원동,0,20224
신월1동,0,20224
신월2동,0,20224
신월3동,0,20224
신월4동,0,20224
신월5동,0,20224
신월6동,0,20224
신월7동,0,20224
신정1동,0,20224
신정2동,0,20224
신정6동,0,20224
쌍문1동,0,20224
쌍문2동,0,20224
쌍문3동,0,20224
쌍문4동,0,20224
암사1동,0,20224
암사3동,암사역사공원,20224
역삼2동,0,20224
역촌동,0,20224
연남동,0,20224
연희동,0,20224
염리동,0,20224
염창동,0,20224
왕십리도선동,0,20224
용문동,효창공원앞,20224
원효로1동,0,20224
원효로2동,0,20224
월계1동,0,20224
월곡1동,0,20224
위례동,0,20224
은천동,0,20224
응암1동,0,20224
응암2동,0,20224
응암3동,0,20224
이촌1동,0,20224
이촌2동,0,20224
이태원2동,0,20224
인수동,0,20224
일원1동,0,20224
자양1동,0,20224
자양2동,0,20224
자양3동,0,20224
잠실3동,0,20224
장안1동,0,20224
장안2동,0,20224
장위1동,0,20224
장위3동,0,20224
전농2동,0,20224
정릉2동,0,20224
정릉3동,0,20224
조원동,0,20224
종암동,0,20224
중계1동,0,20224
중계4동,0,20224
중계본동,0,20224
중곡1동,0,20224
중곡2동,0,20224
중곡4동,0,20224
중림동,0,20224
중앙동,0,20224
중화1동,0,20224
창2동,0,20224
창3동,0,20224
창4동,창동,20224
창신1동,동대문,20224
창신1동,동묘앞,20224
창신2동,0,20224
천호2동,0,20224
천호3동,0,20224
청구동,0,20224
청담동,0,20224
청량리동,0,20224
청림동,0,20224
청운효자동,0,20224
청파동,0,20224
평창동,0,20224
풍납1동,천호(풍납토성),20224
풍납2동,0,20224
하계1동,0,20224
합정동,합정,20224
행운동,0,20224
혜화동,0,20224
홍은1동,0,20224
홍은2동,0,20224
홍제2동,0,20224
홍제3동,0,20224
화곡2동,0,20224
화곡3동,0,20224
화곡4동,0,20224
화곡6동,0,20224
화곡8동,0,20224
화곡본동,0,20224
황학동,0,20224
회기동,0,20224
후암동,0,20224
휘경2동,0,20224
가락본동,오금,20222
가리봉동,0,20222
가양2동,0,20222
가양3동,0,20222
가회동,0,20222
개봉2동,0,20222
개봉3동,0,20222
개포1동,0,20222
개포4동,0,20222
거여2동,0,20222
고덕1동,0,20222
고덕2동,0,20222
고척1동,0,20222
고척2동,0,20222
교남동,0,20222
구로1동,0,20222
구로4동,대림(구로구청),20222
구산동,0,20222
군자동,0,20222
금호2.3가동,0,20222
길음2동,0,20222
낙성대동,0,20222
난곡동,0,20222
난향동,0,20222
남가좌2동,0,20222
노량진2동,0,20222
다산동,약수,20222
다산동,청구,20222
답십리1동,0,20222
답십리2동,0,20222
대림1동,0,20222
대림2동,대림(구로구청),20222
대치1동,도곡,20222
도림동,0,20222
도봉1동,0,20222
도화동,공덕,20222
독산2동,0,20222
독산3동,0,20222
독산4동,0,20222
돈암1동,0,20222
돈암2동,0,20222
동선동,0,20222
등촌2동,0,20222
마천2동,0,20222
망우3동,0,20222
망원1동,0,20222
망원2동,0,20222
면목2동,0,20222
면목5동,0,20222
면목7동,0,20222
목4동,0,20222
목5동,0,20222
무악동,0,20222
묵1동,0,20222
문정1동,0,20222
미성동,0,20222
반포3동,0,20222
방배4동,0,20222
방배본동,0,20222
방학2동,0,20222
방학3동,0,20222
번2동,0,20222
번3동,0,20222
보광동,0,20222
부암동,0,20222
북가좌1동,0,20222
북가좌2동,0,20222
북아현동,0,20222
불광2동,연신내,20222
사당1동,사당,20222
사당1동,이수,20222
사당3동,0,20222
사당5동,0,20222
삼각산동,0,20222
삼성동,0,20222
삼전동,0,20222
삼청동,0,20222
상계10동,0,20222
상계6.7동,0,20222
상계9동,0,20222
상도3동,0,20222
상도4동,0,20222
서초4동,0,20222
성내3동,0,20222
성북동,0,20222
성산1동,0,20222
성수2가1동,0,20222
성현동,0,20222
세곡동,0,20222
송정동,0,20222
송중동,0,20222
송파2동,0,20222
수유3동,0,20222
숭인1동,동묘앞,20222
시흥2동,0,20222
시흥3동,0,20222
시흥4동,0,20222
시흥5동,0,20222
신길3동,0,20222
신길4동,0,20222
신길5동,0,20222
신내2동,0,20222
신당5동,신당,20222
신대방1동,0,20222
신수동,0,20222
신원동,0,20222
신월1동,0,20222
신월2동,0,20222
신월3동,0,20222
신월4동,0,20222
신월5동,0,20222
신월6동,0,20222
신월7동,0,20222
신정1동,0,20222
신정2동,0,20222
신정6동,0,20222
쌍문1동,0,20222
쌍문2동,0,20222
쌍문3동,0,20222
쌍문4동,0,20222
암사1동,0,20222
암사3동,암사역사공원,20222
역삼2동,0,20222
역촌동,0,20222
연남동,0,20222
연희동,0,20222
염리동,0,20222
염창동,0,20222
왕십리도선동,0,20222
용문동,효창공원앞,20222
원효로1동,0,20222
원효로2동,0,20222
월계1동,0,20222
월곡1동,0,20222
위례동,0,20222
은천동,0,20222
응암1동,0,20222
응암2동,0,20222
응암3동,0,20222
이촌1동,0,20222
이촌2동,0,20222
이태원2동,0,20222
인수동,0,20222
일원1동,0,20222
자양1동,0,20222
자양2동,0,20222
자양3동,0,20222
잠실3동,0,20222
장안1동,0,20222
장안2동,0,20222
장위1동,0,20222
장위3동,0,20222
전농2동,0,20222
정릉2동,0,20222
정릉3동,0,20222
조원동,0,20222
종암동,0,20222
중계1동,0,20222
중계4동,0,20222
중계본동,0,20222
중곡1동,0,20222
중곡2동,0,20222
중곡4동,0,20222
중림동,0,20222
중앙동,0,20222
중화1동,0,20222
창2동,0,20222
창3동,0,20222
창4동,창동,20222
창신1동,동대문,20222
창신1동,동묘앞,20222
창신2동,0,20222
천호2동,0,20222
천호3동,0,20222
청구동,0,20222
청담동,0,20222
청량리동,0,20222
청림동,0,20222
청운효자동,0,20222
청파동,0,20222
평창동,0,20222
풍납1동,천호(풍납토성),20222
풍납2동,0,20222
하계1동,0,20222
합정동,합정,20222
행운동,0,20222
혜화동,0,20222
홍은1동,0,20222
홍은2동,0,20222
홍제2동,0,20222
홍제3동,0,20222
화곡2동,0,20222
화곡3동,0,20222
화곡4동,0,20222
화곡6동,0,20222
화곡8동,0,20222
화곡본동,0,20222
황학동,0,20222
회기동,0,20222
후암동,0,20222
휘경2동,0,20222
가락본동,오금,20223
가리봉동,0,20223
가양2동,0,20223
가양3동,0,20223
가회동,0,20223
개봉2동,0,20223
개봉3동,0,20223
개포1동,0,20223
개포4동,0,20223
거여2동,0,20223
고덕1동,0,20223
고덕2동,0,20223
고척1동,0,20223
고척2동,0,20223
교남동,0,20223
구로1동,0,20223
구로4동,대림(구로구청),20223
구산동,0,20223
군자동,0,20223
금호2.3가동,0,20223
길음2동,0,20223
낙성대동,0,20223
난곡동,0,20223
난향동,0,20223
남가좌2동,0,20223
노량진2동,0,20223
다산동,약수,20223
다산동,청구,20223
답십리1동,0,20223
답십리2동,0,20223
대림1동,0,20223
대림2동,대림(구로구청),20223
대치1동,도곡,20223
도림동,0,20223
도봉1동,0,20223
도화동,공덕,20223
독산2동,0,20223
독산3동,0,20223
독산4동,0,20223
돈암1동,0,20223
돈암2동,0,20223
동선동,0,20223
등촌2동,0,20223
마천2동,0,20223
망우3동,0,20223
망원1동,0,20223
망원2동,0,20223
면목2동,0,20223
면목5동,0,20223
면목7동,0,20223
목4동,0,20223
목5동,0,20223
무악동,0,20223
묵1동,0,20223
문정1동,0,20223
미성동,0,20223
반포3동,0,20223
방배4동,0,20223
방배본동,0,20223
방학2동,0,20223
방학3동,0,20223
번2동,0,20223
번3동,0,20223
보광동,0,20223
부암동,0,20223
북가좌1동,0,20223
북가좌2동,0,20223
북아현동,0,20223
불광2동,연신내,20223
사당1동,사당,20223
사당1동,이수,20223
사당3동,0,20223
사당5동,0,20223
삼각산동,0,20223
삼성동,0,20223
삼전동,0,20223
삼청동,0,20223
상계10동,0,20223
상계6.7동,0,20223
상계9동,0,20223
상도3동,0,20223
상도4동,0,20223
서초4동,0,20223
성내3동,0,20223
성북동,0,20223
성산1동,0,20223
성수2가1동,0,20223
성현동,0,20223
세곡동,0,20223
송정동,0,20223
송중동,0,20223
송파2동,0,20223
수유3동,0,20223
숭인1동,동묘앞,20223
시흥2동,0,20223
시흥3동,0,20223
시흥4동,0,20223
시흥5동,0,20223
신길3동,0,20223
신길4동,0,20223
신길5동,0,20223
신내2동,0,20223
신당5동,신당,20223
신대방1동,0,20223
신수동,0,20223
신원동,0,20223
신월1동,0,20223
신월2동,0,20223
신월3동,0,20223
신월4동,0,20223
신월5동,0,20223
신월6동,0,20223
신월7동,0,20223
신정1동,0,20223
신정2동,0,20223
신정6동,0,20223
쌍문1동,0,20223
쌍문2동,0,20223
쌍문3동,0,20223
쌍문4동,0,20223
암사1동,0,20223
암사3동,암사역사공원,20223
역삼2동,0,20223
역촌동,0,20223
연남동,0,20223
연희동,0,20223
염리동,0,20223
염창동,0,20223
왕십리도선동,0,20223
용문동,효창공원앞,20223
원효로1동,0,20223
원효로2동,0,20223
월계1동,0,20223
월곡1동,0,20223
위례동,0,20223
은천동,0,20223
응암1동,0,20223
응암2동,0,20223
응암3동,0,20223
이촌1동,0,20223
이촌2동,0,20223
이태원2동,0,20223
인수동,0,20223
일원1동,0,20223
자양1동,0,20223
자양2동,0,20223
자양3동,0,20223
잠실3동,0,20223
장안1동,0,20223
장안2동,0,20223
장위1동,0,20223
장위3동,0,20223
전농2동,0,20223
정릉2동,0,20223
정릉3동,0,20223
조원동,0,20223
종암동,0,20223
중계1동,0,20223
중계4동,0,20223
중계본동,0,20223
중곡1동,0,20223
중곡2동,0,20223
중곡4동,0,20223
중림동,0,20223
중앙동,0,20223
중화1동,0,20223
창2동,0,20223
창3동,0,20223
창4동,창동,20223
창신1동,동대문,20223
창신1동,동묘앞,20223
창신2동,0,20223
천호2동,0,20223
천호3동,0,20223
청구동,0,20223
청담동,0,20223
청량리동,0,20223
청림동,0,20223
청운효자동,0,20223
청파동,0,20223
평창동,0,20223
풍납1동,천호(풍납토성),20223
풍납2동,0,20223
하계1동,0,20223
합정동,합정,20223
행운동,0,20223
혜화동,0,20223
홍은1동,0,20223
홍은2동,0,20223
홍제2동,0,20223
홍제3동,0,20223
화곡2동,0,20223
화곡3동,0,20223
화곡4동,0,20223
화곡6동,0,20223
화곡8동,0,20223
화곡본동,0,20223
황학동,0,20223
회기동,0,20223
후암동,0,20223
휘경2동,0,20223
가락1동,가락시장,20231
가락1동,송파,20231
가락2동,개롱,20231
가락2동,경찰병원,20231
가산동,가산디지털단지,20231
가산동,독산,20231
갈현1동,0,20231
갈현2동,구산,20231
개봉1동,개봉,20231
개포2동,개포동,20231
개포2동,구룡,20231
개포2동,대모산입구,20231
거여1동,거여,20231
공덕동,공덕,20231
공릉1동,공릉(서울과학기술대),20231
공릉1동,태릉입구,20231
공릉2동,화랑대(서울여대입구),20231
공항동,공항시장,20231
공항동,송정,20231
광장동,광나루(장신대),20231
광희동,동대문역사문화공원,20231
구로2동,구일,20231
구로3동,구로디지털단지,20231
구로3동,남구로,20231
구로5동,구로,20231
구의1동,구의(광진구청),20231
구의2동,아차산(어린이대공원후문),20231
구의3동,강변(동서울터미널),20231
금호1가동,신금호,20231
금호4가동,금호,20231
길동,길동,20231
길음1동,길음,20231
남가좌1동,가좌,20231
남영동,남영,20231
남영동,서울역,20231
남영동,숙대입구(갈월),20231
남현동,0,20231
내곡동,청계산입구,20231
노량진1동,노들,20231
노량진1동,노량진,20231
녹번동,녹번,20231
녹번동,역촌,20231
논현1동,논현,20231
논현1동,신사,20231
논현2동,강남구청,20231
논현2동,선정릉,20231
논현2동,학동,20231
능동,군자(능동),20231
능동,어린이대공원(세종대),20231
당산1동,영등포구청,20231
당산2동,당산,20231
대림3동,0,20231
대방동,보라매,20231
대방동,신대방삼거리,20231
대조동,불광,20231
대조동,연신내,20231
대치2동,대치,20231
대치2동,삼성,20231
대치2동,삼성(무역센터),20231
대치2동,학여울,20231
대치4동,0,20231
대학동,관악산(서울대),20231
대흥동,대흥(서강대앞),20231
대흥동,서강대,20231
대흥동,이대,20231
도곡1동,매봉,20231
도곡2동,도곡,20231
도곡2동,한티,20231
도봉2동,도봉,20231
도봉2동,도봉산,20231
독산1동,0,20231
동화동,0,20231
둔촌1동,둔촌동,20231
둔촌1동,둔촌오륜,20231
둔촌2동,중앙보훈병원,20231
등촌1동,증미,20231
등촌3동,가양,20231
마장동,마장,20231
마천1동,마천,20231
망우본동,신내,20231
망우본동,양원,20231
면목3.8동,0,20231
면목4동,용마산,20231
면목본동,면목,20231
명동,명동,20231
명일1동,명일,20231
명일2동,고덕,20231
목1동,목동,20231
목1동,오목교(목동운동장앞),20231
목2동,신목동,20231
목2동,염창,20231
목3동,등촌,20231
묵2동,먹골,20231
문래동,문래,20231
문정2동,문정,20231
문정2동,복정,20231
미아동,미아(서울사이버대학),20231
반포1동,반포,20231
반포1동,사평,20231
반포2동,신반포,20231
반포4동,고속터미널,20231
반포본동,구반포,20231
발산1동,우장산,20231
방배1동,내방,20231
방배2동,남태령,20231
방배3동,방배,20231
방이1동,방이,20231
방이2동,송파나루,20231
방학1동,방학,20231
방화1동,마곡나루,20231
방화1동,신방화,20231
방화2동,개화,20231
방화2동,개화산,20231
방화2동,김포공항,20231
번1동,수유(강북구청),20231
보라매동,0,20231
보문동,보문,20231
불광1동,독바위,20231
사근동,용답,20231
사근동,한양대,20231
사당2동,동작(현충원),20231
사당2동,총신대입구(이수),20231
사당4동,남성,20231
사직동,경복궁(정부서울청사),20231
사직동,광화문(세종문화회관),20231
삼선동,성신여대입구(돈암),20231
삼선동,한성대입구(삼선교),20231
삼성1동,봉은사,20231
삼성1동,청담,20231
삼성2동,삼성중앙,20231
삼성2동,선정릉,20231
삼양동,삼양,20231
삼양동,삼양사거리,20231
삼양동,솔샘,20231
상계1동,수락산,20231
상계2동,노원,20231
상계3.4동,0,20231
상계5동,상계,20231
상계8동,마들,20231
상도1동,상도,20231
상도1동,숭실대입구(살피재),20231
상도2동,장승배기,20231
상봉1동,망우,20231
상봉1동,상봉(시외버스터미널),20231
상봉2동,상봉(시외버스터미널),20231
상암동,디지털미디어시티,20231
서강동,광흥창(서강),20231
서강동,상수,20231
서교동,망원,20231
서교동,홍대입구,20231
서림동,서울대벤처타운,20231
서빙고동,서빙고,20231
서원동,서원,20231
서원동,신림,20231
서초1동,교대(법원.검찰청),20231
서초2동,강남,20231
서초2동,양재(서초구청),20231
서초3동,교대(법원.검찰청),20231
서초3동,남부터미널(예술의전당),20231
서초3동,서초,20231
석관동,석계,20231
석촌동,석촌,20231
석촌동,석촌고분,20231
성내1동,강동구청,20231
성내2동,강동,20231
성내2동,천호(풍납토성),20231
성산2동,마포구청,20231
성산2동,월드컵경기장(성산),20231
성수1가1동,서울숲,20231
성수1가2동,뚝섬,20231
성수2가3동,성수,20231
소공동,시청,20231
소공동,을지로입구,20231
송천동,미아사거리,20231
송파1동,0,20231
수궁동,온수(성공회대입구),20231
수색동,디지털미디어시티,20231
수색동,수색,20231
수서동,수서,20231
수유1동,화계,20231
수유2동,가오리,20231
숭인2동,0,20231
시흥1동,금천구청,20231
신길1동,신길,20231
신길6동,보라매,20231
신길6동,신풍,20231
신길7동,대방,20231
신길7동,서울지방병무청,20231
신내1동,봉화산(서울의료원),20231
신당동,신당,20231
신당동,청구,20231
신대방2동,보라매공원,20231
신대방2동,보라매병원,20231
신도림동,도림천,20231
신도림동,신도림,20231
신림동,신림,20231
신사1동,응암,20231
신사2동,새절(신사),20231
신사동,신대방,20231
신정3동,신정네거리,20231
신정4동,신정(은행정),20231
신정7동,양천구청,20231
신촌동,신촌,20231
아현동,아현,20231
아현동,애오개,20231
안암동,안암(고대병원앞),20231
암사2동,암사,20231
압구정동,압구정,20231
압구정동,압구정로데오,20231
약수동,버티고개,20231
약수동,약수,20231
양재1동,양재(서초구청),20231
양재2동,양재시민의숲(매헌),20231
양평1동,양평,20231
양평2동,선유도,20231
여의동,국회의사당,20231
여의동,샛강,20231
여의동,여의나루,20231
여의동,여의도,20231
역삼1동,강남,20231
역삼1동,선릉,20231
역삼1동,신논현,20231
역삼1동,언주,20231
역삼1동,역삼,20231
영등포동,신길,20231
영등포동,영등포시장,20231
영등포본동,영등포,20231
오금동,오금,20231
오류1동,오류동,20231
오륜동,올림픽공원(한국체대),20231
오륜동,한성백제,20231
옥수동,옥수,20231
왕십리2동,상왕십리,20231
용강동,마포,20231
용답동,답십리,20231
용답동,신답,20231
용답동,장한평,20231
용산2가동,녹사평(용산구청),20231
용신동,신설동,20231
용신동,용두(동대문구청),20231
용신동,제기동,20231
우이동,4.19민주묘지,20231
우이동,북한산우이,20231
우이동,솔밭공원,20231
우장산동,발산,20231
월계2동,월계,20231
월계3동,광운대,20231
월곡2동,상월곡(한국과학기술연구원),20231
월곡2동,월곡(동덕여대),20231
을지로동,을지로3가,20231
을지로동,을지로4가,20231
응봉동,응봉,20231
이문1동,외대앞,20231
이문2동,신이문,20231
이태원1동,이태원,20231
이화동,혜화,20231
인헌동,낙성대,20231
일원본동,일원,20231
자양4동,뚝섬유원지,20231
잠실2동,잠실새내,20231
잠실4동,몽촌토성(평화의문),20231
잠실4동,잠실나루,20231
잠실6동,잠실(송파구청),20231
잠실7동,종합운동장,20231
잠실본동,삼전,20231
잠원동,잠원,20231
장위2동,돌곶이,20231
장지동,장지,20231
장충동,동대입구,20231
전농1동,청량리(서울시립대입구),20231
정릉1동,정릉,20231
정릉4동,북한산보국문,20231
제기동,고려대(종암),20231
종로1.2.3.4가동,0,20231
종로5.6가동,0,20231
중계2.3동,0,20231
중곡3동,중곡,20231
중화2동,중랑,20231
중화2동,중화,20231
증산동,증산(명지대앞),20231
진관동,구파발,20231
창1동,녹천,20231
창1동,쌍문,20231
창5동,창동,20231
창신3동,창신,20231
천연동,독립문,20231
천호1동,굽은다리(강동구민회관앞),20231
청룡동,봉천,20231
청룡동,서울대입구(관악구청),20231
충현동,서대문,20231
충현동,충정로(경기대입구),20231
필동,충무로,20231
하계2동,하계,20231
한강로동,삼각지,20231
한강로동,신용산,20231
한강로동,용산,20231
한강로동,이촌(국립중앙박물관),20231
한남동,한강진,20231
한남동,한남,20231
행당1동,왕십리(성동구청),20231
행당2동,행당,20231
홍제1동,무악재,20231
홍제1동,홍제,20231
화곡1동,까치산,20231
화곡1동,화곡,20231
화양동,건대입구,20231
회현동,서울,20231
회현동,서울역,20231
회현동,회현(남대문시장),20231
효창동,0,20231
휘경1동,회기,20231
흑석동,흑석(중앙대입구),20231
가락1동,가락시장,20232
가락1동,송파,20232
가락2동,개롱,20232
가락2동,경찰병원,20232
가산동,가산디지털단지,20232
가산동,독산,20232
갈현1동,0,20232
갈현2동,구산,20232
개봉1동,개봉,20232
개포2동,개포동,20232
개포2동,구룡,20232
개포2동,대모산입구,20232
거여1동,거여,20232
공덕동,공덕,20232
공릉1동,공릉(서울과학기술대),20232
공릉1동,태릉입구,20232
공릉2동,화랑대(서울여대입구),20232
공항동,공항시장,20232
공항동,송정,20232
광장동,광나루(장신대),20232
광희동,동대문역사문화공원,20232
구로2동,구일,20232
구로3동,구로디지털단지,20232
구로3동,남구로,20232
구로5동,구로,20232
구의1동,구의(광진구청),20232
구의2동,아차산(어린이대공원후문),20232
구의3동,강변(동서울터미널),20232
금호1가동,신금호,20232
금호4가동,금호,20232
길동,길동,20232
길음1동,길음,20232
남가좌1동,가좌,20232
남영동,남영,20232
남영동,서울역,20232
남영동,숙대입구(갈월),20232
남현동,0,20232
내곡동,청계산입구,20232
노량진1동,노들,20232
노량진1동,노량진,20232
녹번동,녹번,20232
녹번동,역촌,20232
논현1동,논현,20232
논현1동,신사,20232
논현2동,강남구청,20232
논현2동,선정릉,20232
논현2동,학동,20232
능동,군자(능동),20232
능동,어린이대공원(세종대),20232
당산1동,영등포구청,20232
당산2동,당산,20232
대림3동,0,20232
대방동,보라매,20232
대방동,신대방삼거리,20232
대조동,불광,20232
대조동,연신내,20232
대치2동,대치,20232
대치2동,삼성,20232
대치2동,삼성(무역센터),20232
대치2동,학여울,20232
대치4동,0,20232
대학동,관악산(서울대),20232
대흥동,대흥(서강대앞),20232
대흥동,서강대,20232
대흥동,이대,20232
도곡1동,매봉,20232
도곡2동,도곡,20232
도곡2동,한티,20232
도봉2동,도봉,20232
도봉2동,도봉산,20232
독산1동,0,20232
동화동,0,20232
둔촌1동,둔촌동,20232
둔촌1동,둔촌오륜,20232
둔촌2동,중앙보훈병원,20232
등촌1동,증미,20232
등촌3동,가양,20232
마장동,마장,20232
마천1동,마천,20232
망우본동,신내,20232
망우본동,양원,20232
면목3.8동,0,20232
면목4동,용마산,20232
면목본동,면목,20232
명동,명동,20232
명일1동,명일,20232
명일2동,고덕,20232
목1동,목동,20232
목1동,오목교(목동운동장앞),20232
목2동,신목동,20232
목2동,염창,20232
목3동,등촌,20232
묵2동,먹골,20232
문래동,문래,20232
문정2동,문정,20232
문정2동,복정,20232
미아동,미아(서울사이버대학),20232
반포1동,반포,20232
반포1동,사평,20232
반포2동,신반포,20232
반포4동,고속터미널,20232
반포본동,구반포,20232
발산1동,우장산,20232
방배1동,내방,20232
방배2동,남태령,20232
방배3동,방배,20232
방이1동,방이,20232
방이2동,송파나루,20232
방학1동,방학,20232
방화1동,마곡나루,20232
방화1동,신방화,20232
방화2동,개화,20232
방화2동,개화산,20232
방화2동,김포공항,20232
번1동,수유(강북구청),20232
보라매동,0,20232
보문동,보문,20232
불광1동,독바위,20232
사근동,용답,20232
사근동,한양대,20232
사당2동,동작(현충원),20232
사당2동,총신대입구(이수),20232
사당4동,남성,20232
사직동,경복궁(정부서울청사),20232
사직동,광화문(세종문화회관),20232
삼선동,성신여대입구(돈암),20232
삼선동,한성대입구(삼선교),20232
삼성1동,봉은사,20232
삼성1동,청담,20232
삼성2동,삼성중앙,20232
삼성2동,선정릉,20232
삼양동,삼양,20232
삼양동,삼양사거리,20232
삼양동,솔샘,20232
상계1동,수락산,20232
상계2동,노원,20232
상계3.4동,0,20232
상계5동,상계,20232
상계8동,마들,20232
상도1동,상도,20232
상도1동,숭실대입구(살피재),20232
상도2동,장승배기,20232
상봉1동,망우,20232
상봉1동,상봉(시외버스터미널),20232
상봉2동,상봉(시외버스터미널),20232
상암동,디지털미디어시티,20232
서강동,광흥창(서강),20232
서강동,상수,20232
서교동,망원,20232
서교동,홍대입구,20232
서림동,서울대벤처타운,20232
서빙고동,서빙고,20232
서원동,서원,20232
서원동,신림,20232
서초1동,교대(법원.검찰청),20232
서초2동,강남,20232
서초2동,양재(서초구청),20232
서초3동,교대(법원.검찰청),20232
서초3동,남부터미널(예술의전당),20232
서초3동,서초,20232
석관동,석계,20232
석촌동,석촌,20232
석촌동,석촌고분,20232
성내1동,강동구청,20232
성내2동,강동,20232
성내2동,천호(풍납토성),20232
성산2동,마포구청,20232
성산2동,월드컵경기장(성산),20232
성수1가1동,서울숲,20232
성수1가2동,뚝섬,20232
성수2가3동,성수,20232
소공동,시청,20232
소공동,을지로입구,20232
송천동,미아사거리,20232
송파1동,0,20232
수궁동,온수(성공회대입구),20232
수색동,디지털미디어시티,20232
수색동,수색,20232
수서동,수서,20232
수유1동,화계,20232
수유2동,가오리,20232
숭인2동,0,20232
시흥1동,금천구청,20232
신길1동,신길,20232
신길6동,보라매,20232
신길6동,신풍,20232
신길7동,대방,20232
신길7동,서울지방병무청,20232
신내1동,봉화산(서울의료원),20232
신당동,신당,20232
신당동,청구,20232
신대방2동,보라매공원,20232
신대방2동,보라매병원,20232
신도림동,도림천,20232
신도림동,신도림,20232
신림동,신림,20232
신사1동,응암,20232
신사2동,새절(신사),20232
신사동,신대방,20232
신정3동,신정네거리,20232
신정4동,신정(은행정),20232
신정7동,양천구청,20232
신촌동,신촌,20232
아현동,아현,20232
아현동,애오개,20232
안암동,안암(고대병원앞),20232
암사2동,암사,20232
압구정동,압구정,20232
압구정동,압구정로데오,20232
약수동,버티고개,20232
약수동,약수,20232
양재1동,양재(서초구청),20232
양재2동,양재시민의숲(매헌),20232
양평1동,양평,20232
양평2동,선유도,20232
여의동,국회의사당,20232
여의동,샛강,20232
여의동,여의나루,20232
여의동,여의도,20232
역삼1동,강남,20232
역삼1동,선릉,20232
역삼1동,신논현,20232
역삼1동,언주,20232
역삼1동,역삼,20232
영등포동,신길,20232
영등포동,영등포시장,20232
영등포본동,영등포,20232
오금동,오금,20232
오류1동,오류동,20232
오륜동,올림픽공원(한국체대),20232
오륜동,한성백제,20232
옥수동,옥수,20232
왕십리2동,상왕십리,20232
용강동,마포,20232
용답동,답십리,20232
용답동,신답,20232
용답동,장한평,20232
용산2가동,녹사평(용산구청),20232
용신동,신설동,20232
용신동,용두(동대문구청),20232
용신동,제기동,20232
우이동,4.19민주묘지,20232
우이동,북한산우이,20232
우이동,솔밭공원,20232
우장산동,발산,20232
월계2동,월계,20232
월계3동,광운대,20232
월곡2동,상월곡(한국과학기술연구원),20232
월곡2동,월곡(동덕여대),20232
을지로동,을지로3가,20232
을지로동,을지로4가,20232
응봉동,응봉,20232
이문1동,외대앞,20232
이문2동,신이문,20232
이태원1동,이태원,20232
이화동,혜화,20232
인헌동,낙성대,20232
일원본동,일원,20232
자양4동,뚝섬유원지,20232
잠실2동,잠실새내,20232
잠실4동,몽촌토성(평화의문),20232
잠실4동,잠실나루,20232
잠실6동,잠실(송파구청),20232
잠실7동,종합운동장,20232
잠실본동,삼전,20232
잠원동,잠원,20232
장위2동,돌곶이,20232
장지동,장지,20232
장충동,동대입구,20232
전농1동,청량리(서울시립대입구),20232
정릉1동,정릉,20232
정릉4동,북한산보국문,20232
제기동,고려대(종암),20232
종로1.2.3.4가동,0,20232
종로5.6가동,0,20232
중계2.3동,0,20232
중곡3동,중곡,20232
중화2동,중랑,20232
중화2동,중화,20232
증산동,증산(명지대앞),20232
진관동,구파발,20232
창1동,녹천,20232
창1동,쌍문,20232
창5동,창동,20232
창신3동,창신,20232
천연동,독립문,20232
천호1동,굽은다리(강동구민회관앞),20232
청룡동,봉천,20232
청룡동,서울대입구(관악구청),20232
충현동,서대문,20232
충현동,충정로(경기대입구),20232
필동,충무로,20232
하계2동,하계,20232
한강로동,삼각지,20232
한강로동,신용산,20232
한강로동,용산,20232
한강로동,이촌(국립중앙박물관),20232
한남동,한강진,20232
한남동,한남,20232
행당1동,왕십리(성동구청),20232
행당2동,행당,20232
홍제1동,무악재,20232
홍제1동,홍제,20232
화곡1동,까치산,20232
화곡1동,화곡,20232
화양동,건대입구,20232
회현동,서울,20232
회현동,서울역,20232
회현동,회현(남대문시장),20232
효창동,0,20232
휘경1동,회기,20232
흑석동,흑석(중앙대입구),20232
가락1동,가락시장,20233
가락1동,송파,20233
가락2동,개롱,20233
가락2동,경찰병원,20233
가산동,가산디지털단지,20233
가산동,독산,20233
갈현1동,0,20233
갈현2동,구산,20233
개봉1동,개봉,20233
개포2동,개포동,20233
개포2동,구룡,20233
개포2동,대모산입구,20233
거여1동,거여,20233
공덕동,공덕,20233
공릉1동,공릉(서울과학기술대),20233
공릉1동,태릉입구,20233
공릉2동,화랑대(서울여대입구),20233
공항동,공항시장,20233
공항동,송정,20233
광장동,광나루(장신대),20233
광희동,동대문역사문화공원,20233
구로2동,구일,20233
구로3동,구로디지털단지,20233
구로3동,남구로,20233
구로5동,구로,20233
구의1동,구의(광진구청),20233
구의2동,아차산(어린이대공원후문),20233
구의3동,강변(동서울터미널),20233
금호1가동,신금호,20233
금호4가동,금호,20233
길동,길동,20233
길음1동,길음,20233
남가좌1동,가좌,20233
남영동,남영,20233
남영동,서울역,20233
남영동,숙대입구(갈월),20233
남현동,0,20233
내곡동,청계산입구,20233
노량진1동,노들,20233
노량진1동,노량진,20233
녹번동,녹번,20233
녹번동,역촌,20233
논현1동,논현,20233
논현1동,신사,20233
논현2동,강남구청,20233
논현2동,선정릉,20233
논현2동,학동,20233
능동,군자(능동),20233
능동,어린이대공원(세종대),20233
당산1동,영등포구청,20233
당산2동,당산,20233
대림3동,0,20233
대방동,보라매,20233
대방동,신대방삼거리,20233
대조동,불광,20233
대조동,연신내,20233
대치2동,대치,20233
대치2동,삼성,20233
대치2동,삼성(무역센터),20233
대치2동,학여울,20233
대치4동,0,20233
대학동,관악산(서울대),20233
대흥동,대흥(서강대앞),20233
대흥동,서강대,20233
대흥동,이대,20233
도곡1동,매봉,20233
도곡2동,도곡,20233
도곡2동,한티,20233
도봉2동,도봉,20233
도봉2동,도봉산,20233
독산1동,0,20233
동화동,0,20233
둔촌1동,둔촌동,20233
둔촌1동,둔촌오륜,20233
둔촌2동,중앙보훈병원,20233
등촌1동,증미,20233
등촌3동,가양,20233
마장동,마장,20233
마천1동,마천,20233
망우본동,신내,20233
망우본동,양원,20233
면목3.8동,0,20233
면목4동,용마산,20233
면목본동,면목,20233
명동,명동,20233
명일1동,명일,20233
명일2동,고덕,20233
목1동,목동,20233
목1동,오목교(목동운동장앞),20233
목2동,신목동,20233
목2동,염창,20233
목3동,등촌,20233
묵2동,먹골,20233
문래동,문래,20233
문정2동,문정,20233
문정2동,복정,20233
미아동,미아(서울사이버대학),20233
반포1동,반포,20233
반포1동,사평,20233
반포2동,신반포,20233
반포4동,고속터미널,20233
반포본동,구반포,20233
발산1동,우장산,20233
방배1동,내방,20233
방배2동,남태령,20233
방배3동,방배,20233
방이1동,방이,20233
방이2동,송파나루,20233
방학1동,방학,20233
방화1동,마곡나루,20233
방화1동,신방화,20233
방화2동,개화,20233
방화2동,개화산,20233
방화2동,김포공항,20233
번1동,수유(강북구청),20233
보라매동,0,20233
보문동,보문,20233
불광1동,독바위,20233
사근동,용답,20233
사근동,한양대,20233
사당2동,동작(현충원),20233
사당2동,총신대입구(이수),20233
사당4동,남성,20233
사직동,경복궁(정부서울청사),20233
사직동,광화문(세종문화회관),20233
삼선동,성신여대입구(돈암),20233
삼선동,한성대입구(삼선교),20233
삼성1동,봉은사,20233
삼성1동,청담,20233
삼성2동,삼성중앙,20233
삼성2동,선정릉,20233
삼양동,삼양,20233
삼양동,삼양사거리,20233
삼양동,솔샘,20233
상계1동,수락산,20233
상계2동,노원,20233
상계3.4동,0,20233
상계5동,상계,20233
상계8동,마들,20233
상도1동,상도,20233
상도1동,숭실대입구(살피재),20233
상도2동,장승배기,20233
상봉1동,망우,20233
상봉1동,상봉(시외버스터미널),20233
상봉2동,상봉(시외버스터미널),20233
상암동,디지털미디어시티,20233
서강동,광흥창(서강),20233
서강동,상수,20233
서교동,망원,20233
서교동,홍대입구,20233
서림동,서울대벤처타운,20233
서빙고동,서빙고,20233
서원동,서원,20233
서원동,신림,20233
서초1동,교대(법원.검찰청),20233
서초2동,강남,20233
서초2동,양재(서초구청),20233
서초3동,교대(법원.검찰청),20233
서초3동,남부터미널(예술의전당),20233
서초3동,서초,20233
석관동,석계,20233
석촌동,석촌,20233
석촌동,석촌고분,20233
성내1동,강동구청,20233
성내2동,강동,20233
성내2동,천호(풍납토성),20233
성산2동,마포구청,20233
성산2동,월드컵경기장(성산),20233
성수1가1동,서울숲,20233
성수1가2동,뚝섬,20233
성수2가3동,성수,20233
소공동,시청,20233
소공동,을지로입구,20233
송천동,미아사거리,20233
송파1동,0,20233
수궁동,온수(성공회대입구),20233
수색동,디지털미디어시티,20233
수색동,수색,20233
수서동,수서,20233
수유1동,화계,20233
수유2동,가오리,20233
숭인2동,0,20233
시흥1동,금천구청,20233
신길1동,신길,20233
신길6동,보라매,20233
신길6동,신풍,20233
신길7동,대방,20233
신길7동,서울지방병무청,20233
신내1동,봉화산(서울의료원),20233
신당동,신당,20233
신당동,청구,20233
신대방2동,보라매공원,20233
신대방2동,보라매병원,20233
신도림동,도림천,20233
신도림동,신도림,20233
신림동,신림,20233
신사1동,응암,20233
신사2동,새절(신사),20233
신사동,신대방,20233
신정3동,신정네거리,20233
신정4동,신정(은행정),20233
신정7동,양천구청,20233
신촌동,신촌,20233
아현동,아현,20233
아현동,애오개,20233
안암동,안암(고대병원앞),20233
암사2동,암사,20233
압구정동,압구정,20233
압구정동,압구정로데오,20233
약수동,버티고개,20233
약수동,약수,20233
양재1동,양재(서초구청),20233
양재2동,양재시민의숲(매헌),20233
양평1동,양평,20233
양평2동,선유도,20233
여의동,국회의사당,20233
여의동,샛강,20233
여의동,여의나루,20233
여의동,여의도,20233
역삼1동,강남,20233
역삼1동,선릉,20233
역삼1동,신논현,20233
역삼1동,언주,20233
역삼1동,역삼,20233
영등포동,신길,20233
영등포동,영등포시장,20233
영등포본동,영등포,20233
오금동,오금,20233
오류1동,오류동,20233
오륜동,올림픽공원(한국체대),20233
오륜동,한성백제,20233
옥수동,옥수,20233
왕십리2동,상왕십리,20233
용강동,마포,20233
용답동,답십리,20233
용답동,신답,20233
용답동,장한평,20233
용산2가동,녹사평(용산구청),20233
용신동,신설동,20233
용신동,용두(동대문구청),20233
용신동,제기동,20233
우이동,4.19민주묘지,20233
우이동,북한산우이,20233
우이동,솔밭공원,20233
우장산동,발산,20233
월계2동,월계,20233
월계3동,광운대,20233
월곡2동,상월곡(한국과학기술연구원),20233
월곡2동,월곡(동덕여대),20233
을지로동,을지로3가,20233
을지로동,을지로4가,20233
응봉동,응봉,20233
이문1동,외대앞,20233
이문2동,신이문,20233
이태원1동,이태원,20233
이화동,혜화,20233
인헌동,낙성대,20233
일원본동,일원,20233
자양4동,뚝섬유원지,20233
잠실2동,잠실새내,20233
잠실4동,몽촌토성(평화의문),20233
잠실4동,잠실나루,20233
잠실6동,잠실(송파구청),20233
잠실7동,종합운동장,20233
잠실본동,삼전,20233
잠원동,잠원,20233
장위2동,돌곶이,20233
장지동,장지,20233
장충동,동대입구,20233
전농1동,청량리(서울시립대입구),20233
정릉1동,정릉,20233
정릉4동,북한산보국문,20233
제기동,고려대(종암),20233
종로1.2.3.4가동,0,20233
종로5.6가동,0,20233
중계2.3동,0,20233
중곡3동,중곡,20233
중화2동,중랑,20233
중화2동,중화,20233
증산동,증산(명지대앞),20233
진관동,구파발,20233
창1동,녹천,20233
창1동,쌍문,20233
창5동,창동,20233
창신3동,창신,20233
천연동,독립문,20233
천호1동,굽은다리(강동구민회관앞),20233
청룡동,봉천,20233
청룡동,서울대입구(관악구청),20233
충현동,서대문,20233
충현동,충정로(경기대입구),20233
필동,충무로,20233
하계2동,하계,20233
한강로동,삼각지,20233
한강로동,신용산,20233
한강로동,용산,20233
한강로동,이촌(국립중앙박물관),20233
한남동,한강진,20233
한남동,한남,20233
행당1동,왕십리(성동구청),20233
행당2동,행당,20233
홍제1동,무악재,20233
홍제1동,홍제,20233
화곡1동,까치산,20233
화곡1동,화곡,20233
화양동,건대입구,20233
회현동,서울,20233
회현동,서울역,20233
회현동,회현(남대문시장),20233
효창동,0,20233
휘경1동,회기,20233
흑석동,흑석(중앙대입구),20233
가락1동,가락시장,20234
가락1동,송파,20234
가락2동,개롱,20234
가락2동,경찰병원,20234
가산동,가산디지털단지,20234
가산동,독산,20234
갈현1동,0,20234
갈현2동,구산,20234
개봉1동,개봉,20234
개포2동,개포동,20234
개포2동,구룡,20234
개포2동,대모산입구,20234
거여1동,거여,20234
공덕동,공덕,20234
공릉1동,공릉(서울과학기술대),20234
공릉1동,태릉입구,20234
공릉2동,화랑대(서울여대입구),20234
공항동,공항시장,20234
공항동,송정,20234
광장동,광나루(장신대),20234
광희동,동대문역사문화공원,20234
구로2동,구일,20234
구로3동,구로디지털단지,20234
구로3동,남구로,20234
구로5동,구로,20234
구의1동,구의(광진구청),20234
구의2동,아차산(어린이대공원후문),20234
구의3동,강변(동서울터미널),20234
금호1가동,신금호,20234
금호4가동,금호,20234
길동,길동,20234
길음1동,길음,20234
남가좌1동,가좌,20234
남영동,남영,20234
남영동,서울역,20234
남영동,숙대입구(갈월),20234
남현동,0,20234
내곡동,청계산입구,20234
노량진1동,노들,20234
노량진1동,노량진,20234
녹번동,녹번,20234
녹번동,역촌,20234
논현1동,논현,20234
논현1동,신사,20234
논현2동,강남구청,20234
논현2동,선정릉,20234
논현2동,학동,20234
능동,군자(능동),20234
능동,어린이대공원(세종대),20234
당산1동,영등포구청,20234
당산2동,당산,20234
대림3동,0,20234
대방동,보라매,20234
대방동,신대방삼거리,20234
대조동,불광,20234
대조동,연신내,20234
대치2동,대치,20234
대치2동,삼성,20234
대치2동,삼성(무역센터),20234
대치2동,학여울,20234
대치4동,0,20234
대학동,관악산(서울대),20234
대흥동,대흥(서강대앞),20234
대흥동,서강대,20234
대흥동,이대,20234
도곡1동,매봉,20234
도곡2동,도곡,20234
도곡2동,한티,20234
도봉2동,도봉,20234
도봉2동,도봉산,20234
독산1동,0,20234
동화동,0,20234
둔촌1동,둔촌동,20234
둔촌1동,둔촌오륜,20234
둔촌2동,중앙보훈병원,20234
등촌1동,증미,20234
등촌3동,가양,20234
마장동,마장,20234
마천1동,마천,20234
망우본동,신내,20234
망우본동,양원,20234
면목3.8동,0,20234
면목4동,용마산,20234
면목본동,면목,20234
명동,명동,20234
명일1동,명일,20234
명일2동,고덕,20234
목1동,목동,20234
목1동,오목교(목동운동장앞),20234
목2동,신목동,20234
목2동,염창,20234
목3동,등촌,20234
묵2동,먹골,20234
문래동,문래,20234
문정2동,문정,20234
문정2동,복정,20234
미아동,미아(서울사이버대학),20234
반포1동,반포,20234
반포1동,사평,20234
반포2동,신반포,20234
반포4동,고속터미널,20234
반포본동,구반포,20234
발산1동,우장산,20234
방배1동,내방,20234
방배2동,남태령,20234
방배3동,방배,20234
방이1동,방이,20234
방이2동,송파나루,20234
방학1동,방학,20234
방화1동,마곡나루,20234
방화1동,신방화,20234
방화2동,개화,20234
방화2동,개화산,20234
방화2동,김포공항,20234
번1동,수유(강북구청),20234
보라매동,0,20234
보문동,보문,20234
불광1동,독바위,20234
사근동,용답,20234
사근동,한양대,20234
사당2동,동작(현충원),20234
사당2동,총신대입구(이수),20234
사당4동,남성,20234
사직동,경복궁(정부서울청사),20234
사직동,광화문(세종문화회관),20234
삼선동,성신여대입구(돈암),20234
삼선동,한성대입구(삼선교),20234
삼성1동,봉은사,20234
삼성1동,청담,20234
삼성2동,삼성중앙,20234
삼성2동,선정릉,20234
삼양동,삼양,20234
삼양동,삼양사거리,20234
삼양동,솔샘,20234
상계1동,수락산,20234
상계2동,노원,20234
상계3.4동,0,20234
상계5동,상계,20234
상계8동,마들,20234
상도1동,상도,20234
상도1동,숭실대입구(살피재),20234
상도2동,장승배기,20234
상봉1동,망우,20234
상봉1동,상봉(시외버스터미널),20234
상봉2동,상봉(시외버스터미널),20234
상암동,디지털미디어시티,20234
서강동,광흥창(서강),20234
서강동,상수,20234
서교동,망원,20234
서교동,홍대입구,20234
서림동,서울대벤처타운,20234
서빙고동,서빙고,20234
서원동,서원,20234
서원동,신림,20234
서초1동,교대(법원.검찰청),20234
서초2동,강남,20234
서초2동,양재(서초구청),20234
서초3동,교대(법원.검찰청),20234
서초3동,남부터미널(예술의전당),20234
서초3동,서초,20234
석관동,석계,20234
석촌동,석촌,20234
석촌동,석촌고분,20234
성내1동,강동구청,20234
성내2동,강동,20234
성내2동,천호(풍납토성),20234
성산2동,마포구청,20234
성산2동,월드컵경기장(성산),20234
성수1가1동,서울숲,20234
성수1가2동,뚝섬,20234
성수2가3동,성수,20234
소공동,시청,20234
소공동,을지로입구,20234
송천동,미아사거리,20234
송파1동,0,20234
수궁동,온수(성공회대입구),20234
수색동,디지털미디어시티,20234
수색동,수색,20234
수서동,수서,20234
수유1동,화계,20234
수유2동,가오리,20234
숭인2동,0,20234
시흥1동,금천구청,20234
신길1동,신길,20234
신길6동,보라매,20234
신길6동,신풍,20234
신길7동,대방,20234
신길7동,서울지방병무청,20234
신내1동,봉화산(서울의료원),20234
신당동,신당,20234
신당동,청구,20234
신대방2동,보라매공원,20234
신대방2동,보라매병원,20234
신도림동,도림천,20234
신도림동,신도림,20234
신림동,신림,20234
신사1동,응암,20234
신사2동,새절(신사),20234
신사동,신대방,20234
신정3동,신정네거리,20234
신정4동,신정(은행정),20234
신정7동,양천구청,20234
신촌동,신촌,20234
아현동,아현,20234
아현동,애오개,20234
안암동,안암(고대병원앞),20234
암사2동,암사,20234
압구정동,압구정,20234
압구정동,압구정로데오,20234
약수동,버티고개,20234
약수동,약수,20234
양재1동,양재(서초구청),20234
양재2동,양재시민의숲(매헌),20234
양평1동,양평,20234
양평2동,선유도,20234
여의동,국회의사당,20234
여의동,샛강,20234
여의동,여의나루,20234
여의동,여의도,20234
역삼1동,강남,20234
역삼1동,선릉,20234
역삼1동,신논현,20234
역삼1동,언주,20234
역삼1동,역삼,20234
영등포동,신길,20234
영등포동,영등포시장,20234
영등포본동,영등포,20234
오금동,오금,20234
오류1동,오류동,20234
오륜동,올림픽공원(한국체대),20234
오륜동,한성백제,20234
옥수동,옥수,20234
왕십리2동,상왕십리,20234
용강동,마포,20234
용답동,답십리,20234
용답동,신답,20234
용답동,장한평,20234
용산2가동,녹사평(용산구청),20234
용신동,신설동,20234
용신동,용두(동대문구청),20234
용신동,제기동,20234
우이동,4.19민주묘지,20234
우이동,북한산우이,20234
우이동,솔밭공원,20234
우장산동,발산,20234
월계2동,월계,20234
월계3동,광운대,20234
월곡2동,상월곡(한국과학기술연구원),20234
월곡2동,월곡(동덕여대),20234
을지로동,을지로3가,20234
을지로동,을지로4가,20234
응봉동,응봉,20234
이문1동,외대앞,20234
이문2동,신이문,20234
이태원1동,이태원,20234
이화동,혜화,20234
인헌동,낙성대,20234
일원본동,일원,20234
자양4동,뚝섬유원지,20234
잠실2동,잠실새내,20234
잠실4동,몽촌토성(평화의문),20234
잠실4동,잠실나루,20234
잠실6동,잠실(송파구청),20234
잠실7동,종합운동장,20234
잠실본동,삼전,20234
잠원동,잠원,20234
장위2동,돌곶이,20234
장지동,장지,20234
장충동,동대입구,20234
전농1동,청량리(서울시립대입구),20234
정릉1동,정릉,20234
정릉4동,북한산보국문,20234
제기동,고려대(종암),20234
종로1.2.3.4가동,0,20234
종로5.6가동,0,20234
중계2.3동,0,20234
중곡3동,중곡,20234
중화2동,중랑,20234
중화2동,중화,20234
증산동,증산(명지대앞),20234
진관동,구파발,20234
창1동,녹천,20234
창1동,쌍문,20234
창5동,창동,20234
창신3동,창신,20234
천연동,독립문,20234
천호1동,굽은다리(강동구민회관앞),20234
청룡동,봉천,20234
청룡동,서울대입구(관악구청),20234
충현동,서대문,20234
충현동,충정로(경기대입구),20234
필동,충무로,20234
하계2동,하계,20234
한강로동,삼각지,20234
한강로동,신용산,20234
한강로동,용산,20234
한강로동,이촌(국립중앙박물관),20234
한남동,한강진,20234
한남동,한남,20234
행당1동,왕십리(성동구청),20234
행당2동,행당,20234
홍제1동,무악재,20234
홍제1동,홍제,20234
화곡1동,까치산,20234
화곡1동,화곡,20234
화양동,건대입구,20234
회현동,서울,20234
회현동,서울역,20234
회현동,회현(남대문시장),20234
효창동,0,20234
휘경1동,회기,20234
흑석동,흑석(중앙대입구),20234
가락본동,오금,20231
가리봉동,0,20231
가양2동,0,20231
가양3동,0,20231
가회동,0,20231
개봉2동,0,20231
개봉3동,0,20231
개포1동,0,20231
개포4동,0,20231
거여2동,0,20231
고덕1동,0,20231
고덕2동,0,20231
고척1동,0,20231
고척2동,0,20231
교남동,0,20231
구로1동,0,20231
구로4동,대림(구로구청),20231
구산동,0,20231
군자동,0,20231
금호2.3가동,0,20231
길음2동,0,20231
낙성대동,0,20231
난곡동,0,20231
난향동,0,20231
남가좌2동,0,20231
노량진2동,0,20231
다산동,약수,20231
다산동,청구,20231
답십리1동,0,20231
답십리2동,0,20231
대림1동,0,20231
대림2동,대림(구로구청),20231
대치1동,도곡,20231
도림동,0,20231
도봉1동,0,20231
도화동,공덕,20231
독산2동,0,20231
독산3동,0,20231
독산4동,0,20231
돈암1동,0,20231
돈암2동,0,20231
동선동,0,20231
등촌2동,0,20231
마천2동,0,20231
망우3동,0,20231
망원1동,0,20231
망원2동,0,20231
면목2동,0,20231
면목5동,0,20231
면목7동,0,20231
목4동,0,20231
목5동,0,20231
무악동,0,20231
묵1동,0,20231
문정1동,0,20231
미성동,0,20231
반포3동,0,20231
방배4동,0,20231
방배본동,0,20231
방학2동,0,20231
방학3동,0,20231
번2동,0,20231
번3동,0,20231
보광동,0,20231
부암동,0,20231
북가좌1동,0,20231
북가좌2동,0,20231
북아현동,0,20231
불광2동,연신내,20231
사당1동,사당,20231
사당1동,이수,20231
사당3동,0,20231
사당5동,0,20231
삼각산동,0,20231
삼성동,0,20231
삼전동,0,20231
삼청동,0,20231
상계10동,0,20231
상계6.7동,0,20231
상계9동,0,20231
상도3동,0,20231
상도4동,0,20231
서초4동,0,20231
성내3동,0,20231
성북동,0,20231
성산1동,0,20231
성수2가1동,0,20231
성현동,0,20231
세곡동,0,20231
송정동,0,20231
송중동,0,20231
송파2동,0,20231
수유3동,0,20231
숭인1동,동묘앞,20231
시흥2동,0,20231
시흥3동,0,20231
시흥4동,0,20231
시흥5동,0,20231
신길3동,0,20231
신길4동,0,20231
신길5동,0,20231
신내2동,0,20231
신당5동,신당,20231
신대방1동,0,20231
신수동,0,20231
신원동,0,20231
신월1동,0,20231
신월2동,0,20231
신월3동,0,20231
신월4동,0,20231
신월5동,0,20231
신월6동,0,20231
신월7동,0,20231
신정1동,0,20231
신정2동,0,20231
신정6동,0,20231
쌍문1동,0,20231
쌍문2동,0,20231
쌍문3동,0,20231
쌍문4동,0,20231
암사1동,0,20231
암사3동,암사역사공원,20231
역삼2동,0,20231
역촌동,0,20231
연남동,0,20231
연희동,0,20231
염리동,0,20231
염창동,0,20231
왕십리도선동,0,20231
용문동,효창공원앞,20231
원효로1동,0,20231
원효로2동,0,20231
월계1동,0,20231
월곡1동,0,20231
위례동,0,20231
은천동,0,20231
응암1동,0,20231
응암2동,0,20231
응암3동,0,20231
이촌1동,0,20231
이촌2동,0,20231
이태원2동,0,20231
인수동,0,20231
일원1동,0,20231
자양1동,0,20231
자양2동,0,20231
자양3동,0,20231
잠실3동,0,20231
장안1동,0,20231
장안2동,0,20231
장위1동,0,20231
장위3동,0,20231
전농2동,0,20231
정릉2동,0,20231
정릉3동,0,20231
조원동,0,20231
종암동,0,20231
중계1동,0,20231
중계4동,0,20231
중계본동,0,20231
중곡1동,0,20231
중곡2동,0,20231
중곡4동,0,20231
중림동,0,20231
중앙동,0,20231
중화1동,0,20231
창2동,0,20231
창3동,0,20231
창4동,창동,20231
창신1동,동대문,20231
창신1동,동묘앞,20231
창신2동,0,20231
천호2동,0,20231
천호3동,0,20231
청구동,0,20231
청담동,0,20231
청량리동,0,20231
청림동,0,20231
청운효자동,0,20231
청파동,0,20231
평창동,0,20231
풍납1동,천호(풍납토성),20231
풍납2동,0,20231
하계1동,0,20231
합정동,합정,20231
행운동,0,20231
혜화동,0,20231
홍은1동,0,20231
홍은2동,0,20231
홍제2동,0,20231
홍제3동,0,20231
화곡2동,0,20231
화곡3동,0,20231
화곡4동,0,20231
화곡6동,0,20231
화곡8동,0,20231
화곡본동,0,20231
황학동,0,20231
회기동,0,20231
후암동,0,20231
휘경2동,0,20231
가락본동,오금,20234
가리봉동,0,20234
가양2동,0,20234
가양3동,0,20234
가회동,0,20234
개봉2동,0,20234
개봉3동,0,20234
개포1동,0,20234
개포4동,0,20234
거여2동,0,20234
고덕1동,0,20234
고덕2동,0,20234
고척1동,0,20234
고척2동,0,20234
교남동,0,20234
구로1동,0,20234
구로4동,대림(구로구청),20234
구산동,0,20234
군자동,0,20234
금호2.3가동,0,20234
길음2동,0,20234
낙성대동,0,20234
난곡동,0,20234
난향동,0,20234
남가좌2동,0,20234
노량진2동,0,20234
다산동,약수,20234
다산동,청구,20234
답십리1동,0,20234
답십리2동,0,20234
대림1동,0,20234
대림2동,대림(구로구청),20234
대치1동,도곡,20234
도림동,0,20234
도봉1동,0,20234
도화동,공덕,20234
독산2동,0,20234
독산3동,0,20234
독산4동,0,20234
돈암1동,0,20234
돈암2동,0,20234
동선동,0,20234
등촌2동,0,20234
마천2동,0,20234
망우3동,0,20234
망원1동,0,20234
망원2동,0,20234
면목2동,0,20234
면목5동,0,20234
면목7동,0,20234
목4동,0,20234
목5동,0,20234
무악동,0,20234
묵1동,0,20234
문정1동,0,20234
미성동,0,20234
반포3동,0,20234
방배4동,0,20234
방배본동,0,20234
방학2동,0,20234
방학3동,0,20234
번2동,0,20234
번3동,0,20234
보광동,0,20234
부암동,0,20234
북가좌1동,0,20234
북가좌2동,0,20234
북아현동,0,20234
불광2동,연신내,20234
사당1동,사당,20234
사당1동,이수,20234
사당3동,0,20234
사당5동,0,20234
삼각산동,0,20234
삼성동,0,20234
삼전동,0,20234
삼청동,0,20234
상계10동,0,20234
상계6.7동,0,20234
상계9동,0,20234
상도3동,0,20234
상도4동,0,20234
서초4동,0,20234
성내3동,0,20234
성북동,0,20234
성산1동,0,20234
성수2가1동,0,20234
성현동,0,20234
세곡동,0,20234
송정동,0,20234
송중동,0,20234
송파2동,0,20234
수유3동,0,20234
숭인1동,동묘앞,20234
시흥2동,0,20234
시흥3동,0,20234
시흥4동,0,20234
시흥5동,0,20234
신길3동,0,20234
신길4동,0,20234
신길5동,0,20234
신내2동,0,20234
신당5동,신당,20234
신대방1동,0,20234
신수동,0,20234
신원동,0,20234
신월1동,0,20234
신월2동,0,20234
신월3동,0,20234
신월4동,0,20234
신월5동,0,20234
신월6동,0,20234
신월7동,0,20234
신정1동,0,20234
신정2동,0,20234
신정6동,0,20234
쌍문1동,0,20234
쌍문2동,0,20234
쌍문3동,0,20234
쌍문4동,0,20234
암사1동,0,20234
암사3동,암사역사공원,20234
역삼2동,0,20234
역촌동,0,20234
연남동,0,20234
연희동,0,20234
염리동,0,20234
염창동,0,20234
왕십리도선동,0,20234
용문동,효창공원앞,20234
원효로1동,0,20234
원효로2동,0,20234
월계1동,0,20234
월곡1동,0,20234
위례동,0,20234
은천동,0,20234
응암1동,0,20234
응암2동,0,20234
응암3동,0,20234
이촌1동,0,20234
이촌2동,0,20234
이태원2동,0,20234
인수동,0,20234
일원1동,0,20234
자양1동,0,20234
자양2동,0,20234
자양3동,0,20234
잠실3동,0,20234
장안1동,0,20234
장안2동,0,20234
장위1동,0,20234
장위3동,0,20234
전농2동,0,20234
정릉2동,0,20234
정릉3동,0,20234
조원동,0,20234
종암동,0,20234
중계1동,0,20234
중계4동,0,20234
중계본동,0,20234
중곡1동,0,20234
중곡2동,0,20234
중곡4동,0,20234
중림동,0,20234
중앙동,0,20234
중화1동,0,20234
창2동,0,20234
창3동,0,20234
창4동,창동,20234
창신1동,동대문,20234
창신1동,동묘앞,20234
창신2동,0,20234
천호2동,0,20234
천호3동,0,20234
청구동,0,20234
청담동,0,20234
청량리동,0,20234
청림동,0,20234
청운효자동,0,20234
청파동,0,20234
평창동,0,20234
풍납1동,천호(풍납토성),20234
풍납2동,0,20234
하계1동,0,20234
합정동,합정,20234
행운동,0,20234
혜화동,0,20234
홍은1동,0,20234
홍은2동,0,20234
홍제2동,0,20234
홍제3동,0,20234
화곡2동,0,20234
화곡3동,0,20234
화곡4동,0,20234
화곡6동,0,20234
화곡8동,0,20234
화곡본동,0,20234
황학동,0,20234
회기동,0,20234
후암동,0,20234
휘경2동,0,20234
가락본동,오금,20232
가리봉동,0,20232
가양2동,0,20232
가양3동,0,20232
가회동,0,20232
개봉2동,0,20232
개봉3동,0,20232
개포1동,0,20232
개포4동,0,20232
거여2동,0,20232
고덕1동,0,20232
고덕2동,0,20232
고척1동,0,20232
고척2동,0,20232
교남동,0,20232
구로1동,0,20232
구로4동,대림(구로구청),20232
구산동,0,20232
군자동,0,20232
금호2.3가동,0,20232
길음2동,0,20232
낙성대동,0,20232
난곡동,0,20232
난향동,0,20232
남가좌2동,0,20232
노량진2동,0,20232
다산동,약수,20232
다산동,청구,20232
답십리1동,0,20232
답십리2동,0,20232
대림1동,0,20232
대림2동,대림(구로구청),20232
대치1동,도곡,20232
도림동,0,20232
도봉1동,0,20232
도화동,공덕,20232
독산2동,0,20232
독산3동,0,20232
독산4동,0,20232
돈암1동,0,20232
돈암2동,0,20232
동선동,0,20232
등촌2동,0,20232
마천2동,0,20232
망우3동,0,20232
망원1동,0,20232
망원2동,0,20232
면목2동,0,20232
면목5동,0,20232
면목7동,0,20232
목4동,0,20232
목5동,0,20232
무악동,0,20232
묵1동,0,20232
문정1동,0,20232
미성동,0,20232
반포3동,0,20232
방배4동,0,20232
방배본동,0,20232
방학2동,0,20232
방학3동,0,20232
번2동,0,20232
번3동,0,20232
보광동,0,20232
부암동,0,20232
북가좌1동,0,20232
북가좌2동,0,20232
북아현동,0,20232
불광2동,연신내,20232
사당1동,사당,20232
사당1동,이수,20232
사당3동,0,20232
사당5동,0,20232
삼각산동,0,20232
삼성동,0,20232
삼전동,0,20232
삼청동,0,20232
상계10동,0,20232
상계6.7동,0,20232
상계9동,0,20232
상도3동,0,20232
상도4동,0,20232
서초4동,0,20232
성내3동,0,20232
성북동,0,20232
성산1동,0,20232
성수2가1동,0,20232
성현동,0,20232
세곡동,0,20232
송정동,0,20232
송중동,0,20232
송파2동,0,20232
수유3동,0,20232
숭인1동,동묘앞,20232
시흥2동,0,20232
시흥3동,0,20232
시흥4동,0,20232
시흥5동,0,20232
신길3동,0,20232
신길4동,0,20232
신길5동,0,20232
신내2동,0,20232
신당5동,신당,20232
신대방1동,0,20232
신수동,0,20232
신원동,0,20232
신월1동,0,20232
신월2동,0,20232
신월3동,0,20232
신월4동,0,20232
신월5동,0,20232
신월6동,0,20232
신월7동,0,20232
신정1동,0,20232
신정2동,0,20232
신정6동,0,20232
쌍문1동,0,20232
쌍문2동,0,20232
쌍문3동,0,20232
쌍문4동,0,20232
암사1동,0,20232
암사3동,암사역사공원,20232
역삼2동,0,20232
역촌동,0,20232
연남동,0,20232
연희동,0,20232
염리동,0,20232
염창동,0,20232
왕십리도선동,0,20232
용문동,효창공원앞,20232
원효로1동,0,20232
원효로2동,0,20232
월계1동,0,20232
월곡1동,0,20232
위례동,0,20232
은천동,0,20232
응암1동,0,20232
응암2동,0,20232
응암3동,0,20232
이촌1동,0,20232
이촌2동,0,20232
이태원2동,0,20232
인수동,0,20232
일원1동,0,20232
자양1동,0,20232
자양2동,0,20232
자양3동,0,20232
잠실3동,0,20232
장안1동,0,20232
장안2동,0,20232
장위1동,0,20232
장위3동,0,20232
전농2동,0,20232
정릉2동,0,20232
정릉3동,0,20232
조원동,0,20232
종암동,0,20232
중계1동,0,20232
중계4동,0,20232
중계본동,0,20232
중곡1동,0,20232
중곡2동,0,20232
중곡4동,0,20232
중림동,0,20232
중앙동,0,20232
중화1동,0,20232
창2동,0,20232
창3동,0,20232
창4동,창동,20232
창신1동,동대문,20232
창신1동,동묘앞,20232
창신2동,0,20232
천호2동,0,20232
천호3동,0,20232
청구동,0,20232
청담동,0,20232
청량리동,0,20232
청림동,0,20232
청운효자동,0,20232
청파동,0,20232
평창동,0,20232
풍납1동,천호(풍납토성),20232
풍납2동,0,20232
하계1동,0,20232
합정동,합정,20232
행운동,0,20232
혜화동,0,20232
홍은1동,0,20232
홍은2동,0,20232
홍제2동,0,20232
홍제3동,0,20232
화곡2동,0,20232
화곡3동,0,20232
화곡4동,0,20232
화곡6동,0,20232
화곡8동,0,20232
화곡본동,0,20232
황학동,0,20232
회기동,0,20232
후암동,0,20232
휘경2동,0,20232
가락본동,오금,20233
가리봉동,0,20233
가양2동,0,20233
가양3동,0,20233
가회동,0,20233
개봉2동,0,20233
개봉3동,0,20233
개포1동,0,20233
개포4동,0,20233
거여2동,0,20233
고덕1동,0,20233
고덕2동,0,20233
고척1동,0,20233
고척2동,0,20233
교남동,0,20233
구로1동,0,20233
구로4동,대림(구로구청),20233
구산동,0,20233
군자동,0,20233
금호2.3가동,0,20233
길음2동,0,20233
낙성대동,0,20233
난곡동,0,20233
난향동,0,20233
남가좌2동,0,20233
노량진2동,0,20233
다산동,약수,20233
다산동,청구,20233
답십리1동,0,20233
답십리2동,0,20233
대림1동,0,20233
대림2동,대림(구로구청),20233
대치1동,도곡,20233
도림동,0,20233
도봉1동,0,20233
도화동,공덕,20233
독산2동,0,20233
독산3동,0,20233
독산4동,0,20233
돈암1동,0,20233
돈암2동,0,20233
동선동,0,20233
등촌2동,0,20233
마천2동,0,20233
망우3동,0,20233
망원1동,0,20233
망원2동,0,20233
면목2동,0,20233
면목5동,0,20233
면목7동,0,20233
목4동,0,20233
목5동,0,20233
무악동,0,20233
묵1동,0,20233
문정1동,0,20233
미성동,0,20233
반포3동,0,20233
방배4동,0,20233
방배본동,0,20233
방학2동,0,20233
방학3동,0,20233
번2동,0,20233
번3동,0,20233
보광동,0,20233
부암동,0,20233
북가좌1동,0,20233
북가좌2동,0,20233
북아현동,0,20233
불광2동,연신내,20233
사당1동,사당,20233
사당1동,이수,20233
사당3동,0,20233
사당5동,0,20233
삼각산동,0,20233
삼성동,0,20233
삼전동,0,20233
삼청동,0,20233
상계10동,0,20233
상계6.7동,0,20233
상계9동,0,20233
상도3동,0,20233
상도4동,0,20233
서초4동,0,20233
성내3동,0,20233
성북동,0,20233
성산1동,0,20233
성수2가1동,0,20233
성현동,0,20233
세곡동,0,20233
송정동,0,20233
송중동,0,20233
송파2동,0,20233
수유3동,0,20233
숭인1동,동묘앞,20233
시흥2동,0,20233
시흥3동,0,20233
시흥4동,0,20233
시흥5동,0,20233
신길3동,0,20233
신길4동,0,20233
신길5동,0,20233
신내2동,0,20233
신당5동,신당,20233
신대방1동,0,20233
신수동,0,20233
신원동,0,20233
신월1동,0,20233
신월2동,0,20233
신월3동,0,20233
신월4동,0,20233
신월5동,0,20233
신월6동,0,20233
신월7동,0,20233
신정1동,0,20233
신정2동,0,20233
신정6동,0,20233
쌍문1동,0,20233
쌍문2동,0,20233
쌍문3동,0,20233
쌍문4동,0,20233
암사1동,0,20233
암사3동,암사역사공원,20233
역삼2동,0,20233
역촌동,0,20233
연남동,0,20233
연희동,0,20233
염리동,0,20233
염창동,0,20233
왕십리도선동,0,20233
용문동,효창공원앞,20233
원효로1동,0,20233
원효로2동,0,20233
월계1동,0,20233
월곡1동,0,20233
위례동,0,20233
은천동,0,20233
응암1동,0,20233
응암2동,0,20233
응암3동,0,20233
이촌1동,0,20233
이촌2동,0,20233
이태원2동,0,20233
인수동,0,20233
일원1동,0,20233
자양1동,0,20233
자양2동,0,20233
자양3동,0,20233
잠실3동,0,20233
장안1동,0,20233
장안2동,0,20233
장위1동,0,20233
장위3동,0,20233
전농2동,0,20233
정릉2동,0,20233
정릉3동,0,20233
조원동,0,20233
종암동,0,20233
중계1동,0,20233
중계4동,0,20233
중계본동,0,20233
중곡1동,0,20233
중곡2동,0,20233
중곡4동,0,20233
중림동,0,20233
중앙동,0,20233
중화1동,0,20233
창2동,0,20233
창3동,0,20233
창4동,창동,20233
창신1동,동대문,20233
창신1동,동묘앞,20233
창신2동,0,20233
천호2동,0,20233
천호3동,0,20233
청구동,0,20233
청담동,0,20233
청량리동,0,20233
청림동,0,20233
청운효자동,0,20233
청파동,0,20233
평창동,0,20233
풍납1동,천호(풍납토성),20233
풍납2동,0,20233
하계1동,0,20233
합정동,합정,20233
행운동,0,20233
혜화동,0,20233
홍은1동,0,20233
홍은2동,0,20233
홍제2동,0,20233
홍제3동,0,20233
화곡2동,0,20233
화곡3동,0,20233
화곡4동,0,20233
화곡6동,0,20233
화곡8동,0,20233
화곡본동,0,20233
황학동,0,20233
회기동,0,20233
후암동,0,20233
휘경2동,0,20233
가락1동,가락시장,20241
가락1동,송파,20241
가락2동,개롱,20241
가락2동,경찰병원,20241
가산동,가산디지털단지,20241
가산동,독산,20241
갈현1동,0,20241
갈현2동,구산,20241
개봉1동,개봉,20241
개포2동,개포동,20241
개포2동,구룡,20241
개포2동,대모산입구,20241
거여1동,거여,20241
공덕동,공덕,20241
공릉1동,공릉(서울과학기술대),20241
공릉1동,태릉입구,20241
공릉2동,화랑대(서울여대입구),20241
공항동,공항시장,20241
공항동,송정,20241
광장동,광나루(장신대),20241
광희동,동대문역사문화공원,20241
구로2동,구일,20241
구로3동,구로디지털단지,20241
구로3동,남구로,20241
구로5동,구로,20241
구의1동,구의(광진구청),20241
구의2동,아차산(어린이대공원후문),20241
구의3동,강변(동서울터미널),20241
금호1가동,신금호,20241
금호4가동,금호,20241
길동,길동,20241
길음1동,길음,20241
남가좌1동,가좌,20241
남영동,남영,20241
남영동,서울역,20241
남영동,숙대입구(갈월),20241
남현동,0,20241
내곡동,청계산입구,20241
노량진1동,노들,20241
노량진1동,노량진,20241
녹번동,녹번,20241
녹번동,역촌,20241
논현1동,논현,20241
논현1동,신사,20241
논현2동,강남구청,20241
논현2동,선정릉,20241
논현2동,학동,20241
능동,군자(능동),20241
능동,어린이대공원(세종대),20241
당산1동,영등포구청,20241
당산2동,당산,20241
대림3동,0,20241
대방동,보라매,20241
대방동,신대방삼거리,20241
대조동,불광,20241
대조동,연신내,20241
대치2동,대치,20241
대치2동,삼성,20241
대치2동,삼성(무역센터),20241
대치2동,학여울,20241
대치4동,0,20241
대학동,관악산(서울대),20241
대흥동,대흥(서강대앞),20241
대흥동,서강대,20241
대흥동,이대,20241
도곡1동,매봉,20241
도곡2동,도곡,20241
도곡2동,한티,20241
도봉2동,도봉,20241
도봉2동,도봉산,20241
독산1동,0,20241
동화동,0,20241
둔촌1동,둔촌동,20241
둔촌1동,둔촌오륜,20241
둔촌2동,중앙보훈병원,20241
등촌1동,증미,20241
등촌3동,가양,20241
마장동,마장,20241
마천1동,마천,20241
망우본동,신내,20241
망우본동,양원,20241
면목3.8동,0,20241
면목4동,용마산,20241
면목본동,면목,20241
명동,명동,20241
명일1동,명일,20241
명일2동,고덕,20241
목1동,목동,20241
목1동,오목교(목동운동장앞),20241
목2동,신목동,20241
목2동,염창,20241
목3동,등촌,20241
묵2동,먹골,20241
문래동,문래,20241
문정2동,문정,20241
문정2동,복정,20241
미아동,미아(서울사이버대학),20241
반포1동,반포,20241
반포1동,사평,20241
반포2동,신반포,20241
반포4동,고속터미널,20241
반포본동,구반포,20241
발산1동,우장산,20241
방배1동,내방,20241
방배2동,남태령,20241
방배3동,방배,20241
방이1동,방이,20241
방이2동,송파나루,20241
방학1동,방학,20241
방화1동,마곡나루,20241
방화1동,신방화,20241
방화2동,개화,20241
방화2동,개화산,20241
방화2동,김포공항,20241
번1동,수유(강북구청),20241
보라매동,0,20241
보문동,보문,20241
불광1동,독바위,20241
사근동,용답,20241
사근동,한양대,20241
사당2동,동작(현충원),20241
사당2동,총신대입구(이수),20241
사당4동,남성,20241
사직동,경복궁(정부서울청사),20241
사직동,광화문(세종문화회관),20241
삼선동,성신여대입구(돈암),20241
삼선동,한성대입구(삼선교),20241
삼성1동,봉은사,20241
삼성1동,청담,20241
삼성2동,삼성중앙,20241
삼성2동,선정릉,20241
삼양동,삼양,20241
삼양동,삼양사거리,20241
삼양동,솔샘,20241
상계1동,수락산,20241
상계2동,노원,20241
상계3.4동,0,20241
상계5동,상계,20241
상계8동,마들,20241
상도1동,상도,20241
상도1동,숭실대입구(살피재),20241
상도2동,장승배기,20241
상봉1동,망우,20241
상봉1동,상봉(시외버스터미널),20241
상봉2동,상봉(시외버스터미널),20241
상암동,디지털미디어시티,20241
서강동,광흥창(서강),20241
서강동,상수,20241
서교동,망원,20241
서교동,홍대입구,20241
서림동,서울대벤처타운,20241
서빙고동,서빙고,20241
서원동,서원,20241
서원동,신림,20241
서초1동,교대(법원.검찰청),20241
서초2동,강남,20241
서초2동,양재(서초구청),20241
서초3동,교대(법원.검찰청),20241
서초3동,남부터미널(예술의전당),20241
서초3동,서초,20241
석관동,석계,20241
석촌동,석촌,20241
석촌동,석촌고분,20241
성내1동,강동구청,20241
성내2동,강동,20241
성내2동,천호(풍납토성),20241
성산2동,마포구청,20241
성산2동,월드컵경기장(성산),20241
성수1가1동,서울숲,20241
성수1가2동,뚝섬,20241
성수2가3동,성수,20241
소공동,시청,20241
소공동,을지로입구,20241
송천동,미아사거리,20241
송파1동,0,20241
수궁동,온수(성공회대입구),20241
수색동,디지털미디어시티,20241
수색동,수색,20241
수서동,수서,20241
수유1동,화계,20241
수유2동,가오리,20241
숭인2동,0,20241
시흥1동,금천구청,20241
신길1동,신길,20241
신길6동,보라매,20241
신길6동,신풍,20241
신길7동,대방,20241
신길7동,서울지방병무청,20241
신내1동,봉화산(서울의료원),20241
신당동,신당,20241
신당동,청구,20241
신대방2동,보라매공원,20241
신대방2동,보라매병원,20241
신도림동,도림천,20241
신도림동,신도림,20241
신림동,신림,20241
신사1동,응암,20241
신사2동,새절(신사),20241
신사동,신대방,20241
신정3동,신정네거리,20241
신정4동,신정(은행정),20241
신정7동,양천구청,20241
신촌동,신촌,20241
아현동,아현,20241
아현동,애오개,20241
안암동,안암(고대병원앞),20241
암사2동,암사,20241
압구정동,압구정,20241
압구정동,압구정로데오,20241
약수동,버티고개,20241
약수동,약수,20241
양재1동,양재(서초구청),20241
양재2동,양재시민의숲(매헌),20241
양평1동,양평,20241
양평2동,선유도,20241
여의동,국회의사당,20241
여의동,샛강,20241
여의동,여의나루,20241
여의동,여의도,20241
역삼1동,강남,20241
역삼1동,선릉,20241
역삼1동,신논현,20241
역삼1동,언주,20241
역삼1동,역삼,20241
영등포동,신길,20241
영등포동,영등포시장,20241
영등포본동,영등포,20241
오금동,오금,20241
오류1동,오류동,20241
오륜동,올림픽공원(한국체대),20241
오륜동,한성백제,20241
옥수동,옥수,20241
왕십리2동,상왕십리,20241
용강동,마포,20241
용답동,답십리,20241
용답동,신답,20241
용답동,장한평,20241
용산2가동,녹사평(용산구청),20241
용신동,신설동,20241
용신동,용두(동대문구청),20241
용신동,제기동,20241
우이동,4.19민주묘지,20241
우이동,북한산우이,20241
우이동,솔밭공원,20241
우장산동,발산,20241
월계2동,월계,20241
월계3동,광운대,20241
월곡2동,상월곡(한국과학기술연구원),20241
월곡2동,월곡(동덕여대),20241
을지로동,을지로3가,20241
을지로동,을지로4가,20241
응봉동,응봉,20241
이문1동,외대앞,20241
이문2동,신이문,20241
이태원1동,이태원,20241
이화동,혜화,20241
인헌동,낙성대,20241
일원본동,일원,20241
자양4동,뚝섬유원지,20241
잠실2동,잠실새내,20241
잠실4동,몽촌토성(평화의문),20241
잠실4동,잠실나루,20241
잠실6동,잠실(송파구청),20241
잠실7동,종합운동장,20241
잠실본동,삼전,20241
잠원동,잠원,20241
장위2동,돌곶이,20241
장지동,장지,20241
장충동,동대입구,20241
전농1동,청량리(서울시립대입구),20241
정릉1동,정릉,20241
정릉4동,북한산보국문,20241
제기동,고려대(종암),20241
종로1.2.3.4가동,0,20241
종로5.6가동,0,20241
중계2.3동,0,20241
중곡3동,중곡,20241
중화2동,중랑,20241
중화2동,중화,20241
증산동,증산(명지대앞),20241
진관동,구파발,20241
창1동,녹천,20241
창1동,쌍문,20241
창5동,창동,20241
창신3동,창신,20241
천연동,독립문,20241
천호1동,굽은다리(강동구민회관앞),20241
청룡동,봉천,20241
청룡동,서울대입구(관악구청),20241
충현동,서대문,20241
충현동,충정로(경기대입구),20241
필동,충무로,20241
하계2동,하계,20241
한강로동,삼각지,20241
한강로동,신용산,20241
한강로동,용산,20241
한강로동,이촌(국립중앙박물관),20241
한남동,한강진,20241
한남동,한남,20241
행당1동,왕십리(성동구청),20241
행당2동,행당,20241
홍제1동,무악재,20241
홍제1동,홍제,20241
화곡1동,까치산,20241
화곡1동,화곡,20241
화양동,건대입구,20241
회현동,서울,20241
회현동,서울역,20241
회현동,회현(남대문시장),20241
효창동,0,20241
휘경1동,회기,20241
흑석동,흑석(중앙대입구),20241
가락1동,가락시장,20242
가락1동,송파,20242
가락2동,개롱,20242
가락2동,경찰병원,20242
가산동,가산디지털단지,20242
가산동,독산,20242
갈현1동,0,20242
갈현2동,구산,20242
개봉1동,개봉,20242
개포2동,개포동,20242
개포2동,구룡,20242
개포2동,대모산입구,20242
거여1동,거여,20242
공덕동,공덕,20242
공릉1동,공릉(서울과학기술대),20242
공릉1동,태릉입구,20242
공릉2동,화랑대(서울여대입구),20242
공항동,공항시장,20242
공항동,송정,20242
광장동,광나루(장신대),20242
광희동,동대문역사문화공원,20242
구로2동,구일,20242
구로3동,구로디지털단지,20242
구로3동,남구로,20242
구로5동,구로,20242
구의1동,구의(광진구청),20242
구의2동,아차산(어린이대공원후문),20242
구의3동,강변(동서울터미널),20242
금호1가동,신금호,20242
금호4가동,금호,20242
길동,길동,20242
길음1동,길음,20242
남가좌1동,가좌,20242
남영동,남영,20242
남영동,서울역,20242
남영동,숙대입구(갈월),20242
남현동,0,20242
내곡동,청계산입구,20242
노량진1동,노들,20242
노량진1동,노량진,20242
녹번동,녹번,20242
녹번동,역촌,20242
논현1동,논현,20242
논현1동,신사,20242
논현2동,강남구청,20242
논현2동,선정릉,20242
논현2동,학동,20242
능동,군자(능동),20242
능동,어린이대공원(세종대),20242
당산1동,영등포구청,20242
당산2동,당산,20242
대림3동,0,20242
대방동,보라매,20242
대방동,신대방삼거리,20242
대조동,불광,20242
대조동,연신내,20242
대치2동,대치,20242
대치2동,삼성,20242
대치2동,삼성(무역센터),20242
대치2동,학여울,20242
대치4동,0,20242
대학동,관악산(서울대),20242
대흥동,대흥(서강대앞),20242
대흥동,서강대,20242
대흥동,이대,20242
도곡1동,매봉,20242
도곡2동,도곡,20242
도곡2동,한티,20242
도봉2동,도봉,20242
도봉2동,도봉산,20242
독산1동,0,20242
동화동,0,20242
둔촌1동,둔촌동,20242
둔촌1동,둔촌오륜,20242
둔촌2동,중앙보훈병원,20242
등촌1동,증미,20242
등촌3동,가양,20242
마장동,마장,20242
마천1동,마천,20242
망우본동,신내,20242
망우본동,양원,20242
면목3.8동,0,20242
면목4동,용마산,20242
면목본동,면목,20242
명동,명동,20242
명일1동,명일,20242
명일2동,고덕,20242
목1동,목동,20242
목1동,오목교(목동운동장앞),20242
목2동,신목동,20242
목2동,염창,20242
목3동,등촌,20242
묵2동,먹골,20242
문래동,문래,20242
문정2동,문정,20242
문정2동,복정,20242
미아동,미아(서울사이버대학),20242
반포1동,반포,20242
반포1동,사평,20242
반포2동,신반포,20242
반포4동,고속터미널,20242
반포본동,구반포,20242
발산1동,우장산,20242
방배1동,내방,20242
방배2동,남태령,20242
방배3동,방배,20242
방이1동,방이,20242
방이2동,송파나루,20242
방학1동,방학,20242
방화1동,마곡나루,20242
방화1동,신방화,20242
방화2동,개화,20242
방화2동,개화산,20242
방화2동,김포공항,20242
번1동,수유(강북구청),20242
보라매동,0,20242
보문동,보문,20242
불광1동,독바위,20242
사근동,용답,20242
사근동,한양대,20242
사당2동,동작(현충원),20242
사당2동,총신대입구(이수),20242
사당4동,남성,20242
사직동,경복궁(정부서울청사),20242
사직동,광화문(세종문화회관),20242
삼선동,성신여대입구(돈암),20242
삼선동,한성대입구(삼선교),20242
삼성1동,봉은사,20242
삼성1동,청담,20242
삼성2동,삼성중앙,20242
삼성2동,선정릉,20242
삼양동,삼양,20242
삼양동,삼양사거리,20242
삼양동,솔샘,20242
상계1동,수락산,20242
상계2동,노원,20242
상계3.4동,0,20242
상계5동,상계,20242
상계8동,마들,20242
상도1동,상도,20242
상도1동,숭실대입구(살피재),20242
상도2동,장승배기,20242
상봉1동,망우,20242
상봉1동,상봉(시외버스터미널),20242
상봉2동,상봉(시외버스터미널),20242
상암동,디지털미디어시티,20242
서강동,광흥창(서강),20242
서강동,상수,20242
서교동,망원,20242
서교동,홍대입구,20242
서림동,서울대벤처타운,20242
서빙고동,서빙고,20242
서원동,서원,20242
서원동,신림,20242
서초1동,교대(법원.검찰청),20242
서초2동,강남,20242
서초2동,양재(서초구청),20242
서초3동,교대(법원.검찰청),20242
서초3동,남부터미널(예술의전당),20242
서초3동,서초,20242
석관동,석계,20242
석촌동,석촌,20242
석촌동,석촌고분,20242
성내1동,강동구청,20242
성내2동,강동,20242
성내2동,천호(풍납토성),20242
성산2동,마포구청,20242
성산2동,월드컵경기장(성산),20242
성수1가1동,서울숲,20242
성수1가2동,뚝섬,20242
성수2가3동,성수,20242
소공동,시청,20242
소공동,을지로입구,20242
송천동,미아사거리,20242
송파1동,0,20242
수궁동,온수(성공회대입구),20242
수색동,디지털미디어시티,20242
수색동,수색,20242
수서동,수서,20242
수유1동,화계,20242
수유2동,가오리,20242
숭인2동,0,20242
시흥1동,금천구청,20242
신길1동,신길,20242
신길6동,보라매,20242
신길6동,신풍,20242
신길7동,대방,20242
신길7동,서울지방병무청,20242
신내1동,봉화산(서울의료원),20242
신당동,신당,20242
신당동,청구,20242
신대방2동,보라매공원,20242
신대방2동,보라매병원,20242
신도림동,도림천,20242
신도림동,신도림,20242
신림동,신림,20242
신사1동,응암,20242
신사2동,새절(신사),20242
신사동,신대방,20242
신정3동,신정네거리,20242
신정4동,신정(은행정),20242
신정7동,양천구청,20242
신촌동,신촌,20242
아현동,아현,20242
아현동,애오개,20242
안암동,안암(고대병원앞),20242
암사2동,암사,20242
압구정동,압구정,20242
압구정동,압구정로데오,20242
약수동,버티고개,20242
약수동,약수,20242
양재1동,양재(서초구청),20242
양재2동,양재시민의숲(매헌),20242
양평1동,양평,20242
양평2동,선유도,20242
여의동,국회의사당,20242
여의동,샛강,20242
여의동,여의나루,20242
여의동,여의도,20242
역삼1동,강남,20242
역삼1동,선릉,20242
역삼1동,신논현,20242
역삼1동,언주,20242
역삼1동,역삼,20242
영등포동,신길,20242
영등포동,영등포시장,20242
영등포본동,영등포,20242
오금동,오금,20242
오류1동,오류동,20242
오륜동,올림픽공원(한국체대),20242
오륜동,한성백제,20242
옥수동,옥수,20242
왕십리2동,상왕십리,20242
용강동,마포,20242
용답동,답십리,20242
용답동,신답,20242
용답동,장한평,20242
용산2가동,녹사평(용산구청),20242
용신동,신설동,20242
용신동,용두(동대문구청),20242
용신동,제기동,20242
우이동,4.19민주묘지,20242
우이동,북한산우이,20242
우이동,솔밭공원,20242
우장산동,발산,20242
월계2동,월계,20242
월계3동,광운대,20242
월곡2동,상월곡(한국과학기술연구원),20242
월곡2동,월곡(동덕여대),20242
을지로동,을지로3가,20242
을지로동,을지로4가,20242
응봉동,응봉,20242
이문1동,외대앞,20242
이문2동,신이문,20242
이태원1동,이태원,20242
이화동,혜화,20242
인헌동,낙성대,20242
일원본동,일원,20242
자양4동,뚝섬유원지,20242
잠실2동,잠실새내,20242
잠실4동,몽촌토성(평화의문),20242
잠실4동,잠실나루,20242
잠실6동,잠실(송파구청),20242
잠실7동,종합운동장,20242
잠실본동,삼전,20242
잠원동,잠원,20242
장위2동,돌곶이,20242
장지동,장지,20242
장충동,동대입구,20242
전농1동,청량리(서울시립대입구),20242
정릉1동,정릉,20242
정릉4동,북한산보국문,20242
제기동,고려대(종암),20242
종로1.2.3.4가동,0,20242
종로5.6가동,0,20242
중계2.3동,0,20242
중곡3동,중곡,20242
중화2동,중랑,20242
중화2동,중화,20242
증산동,증산(명지대앞),20242
진관동,구파발,20242
창1동,녹천,20242
창1동,쌍문,20242
창5동,창동,20242
창신3동,창신,20242
천연동,독립문,20242
천호1동,굽은다리(강동구민회관앞),20242
청룡동,봉천,20242
청룡동,서울대입구(관악구청),20242
충현동,서대문,20242
충현동,충정로(경기대입구),20242
필동,충무로,20242
하계2동,하계,20242
한강로동,삼각지,20242
한강로동,신용산,20242
한강로동,용산,20242
한강로동,이촌(국립중앙박물관),20242
한남동,한강진,20242
한남동,한남,20242
행당1동,왕십리(성동구청),20242
행당2동,행당,20242
홍제1동,무악재,20242
홍제1동,홍제,20242
화곡1동,까치산,20242
화곡1동,화곡,20242
화양동,건대입구,20242
회현동,서울,20242
회현동,서울역,20242
회현동,회현(남대문시장),20242
효창동,0,20242
휘경1동,회기,20242
흑석동,흑석(중앙대입구),20242
가락1동,가락시장,20243
가락1동,송파,20243
가락2동,개롱,20243
가락2동,경찰병원,20243
가산동,가산디지털단지,20243
가산동,독산,20243
갈현1동,0,20243
갈현2동,구산,20243
개봉1동,개봉,20243
개포2동,개포동,20243
개포2동,구룡,20243
개포2동,대모산입구,20243
거여1동,거여,20243
공덕동,공덕,20243
공릉1동,공릉(서울과학기술대),20243
공릉1동,태릉입구,20243
공릉2동,화랑대(서울여대입구),20243
공항동,공항시장,20243
공항동,송정,20243
광장동,광나루(장신대),20243
광희동,동대문역사문화공원,20243
구로2동,구일,20243
구로3동,구로디지털단지,20243
구로3동,남구로,20243
구로5동,구로,20243
구의1동,구의(광진구청),20243
구의2동,아차산(어린이대공원후문),20243
구의3동,강변(동서울터미널),20243
금호1가동,신금호,20243
금호4가동,금호,20243
길동,길동,20243
길음1동,길음,20243
남가좌1동,가좌,20243
남영동,남영,20243
남영동,서울역,20243
남영동,숙대입구(갈월),20243
남현동,0,20243
내곡동,청계산입구,20243
노량진1동,노들,20243
노량진1동,노량진,20243
녹번동,녹번,20243
녹번동,역촌,20243
논현1동,논현,20243
논현1동,신사,20243
논현2동,강남구청,20243
논현2동,선정릉,20243
논현2동,학동,20243
능동,군자(능동),20243
능동,어린이대공원(세종대),20243
당산1동,영등포구청,20243
당산2동,당산,20243
대림3동,0,20243
대방동,보라매,20243
대방동,신대방삼거리,20243
대조동,불광,20243
대조동,연신내,20243
대치2동,대치,20243
대치2동,삼성,20243
대치2동,삼성(무역센터),20243
대치2동,학여울,20243
대치4동,0,20243
대학동,관악산(서울대),20243
대흥동,대흥(서강대앞),20243
대흥동,서강대,20243
대흥동,이대,20243
도곡1동,매봉,20243
도곡2동,도곡,20243
도곡2동,한티,20243
도봉2동,도봉,20243
도봉2동,도봉산,20243
독산1동,0,20243
동화동,0,20243
둔촌1동,둔촌동,20243
둔촌1동,둔촌오륜,20243
둔촌2동,중앙보훈병원,20243
등촌1동,증미,20243
등촌3동,가양,20243
마장동,마장,20243
마천1동,마천,20243
망우본동,신내,20243
망우본동,양원,20243
면목3.8동,0,20243
면목4동,용마산,20243
면목본동,면목,20243
명동,명동,20243
명일1동,명일,20243
명일2동,고덕,20243
목1동,목동,20243
목1동,오목교(목동운동장앞),20243
목2동,신목동,20243
목2동,염창,20243
목3동,등촌,20243
묵2동,먹골,20243
문래동,문래,20243
문정2동,문정,20243
문정2동,복정,20243
미아동,미아(서울사이버대학),20243
반포1동,반포,20243
반포1동,사평,20243
반포2동,신반포,20243
반포4동,고속터미널,20243
반포본동,구반포,20243
발산1동,우장산,20243
방배1동,내방,20243
방배2동,남태령,20243
방배3동,방배,20243
방이1동,방이,20243
방이2동,송파나루,20243
방학1동,방학,20243
방화1동,마곡나루,20243
방화1동,신방화,20243
방화2동,개화,20243
방화2동,개화산,20243
방화2동,김포공항,20243
번1동,수유(강북구청),20243
보라매동,0,20243
보문동,보문,20243
불광1동,독바위,20243
사근동,용답,20243
사근동,한양대,20243
사당2동,동작(현충원),20243
사당2동,총신대입구(이수),20243
사당4동,남성,20243
사직동,경복궁(정부서울청사),20243
사직동,광화문(세종문화회관),20243
삼선동,성신여대입구(돈암),20243
삼선동,한성대입구(삼선교),20243
삼성1동,봉은사,20243
삼성1동,청담,20243
삼성2동,삼성중앙,20243
삼성2동,선정릉,20243
삼양동,삼양,20243
삼양동,삼양사거리,20243
삼양동,솔샘,20243
상계1동,수락산,20243
상계2동,노원,20243
상계3.4동,0,20243
상계5동,상계,20243
상계8동,마들,20243
상도1동,상도,20243
상도1동,숭실대입구(살피재),20243
상도2동,장승배기,20243
상봉1동,망우,20243
상봉1동,상봉(시외버스터미널),20243
상봉2동,상봉(시외버스터미널),20243
상암동,디지털미디어시티,20243
서강동,광흥창(서강),20243
서강동,상수,20243
서교동,망원,20243
서교동,홍대입구,20243
서림동,서울대벤처타운,20243
서빙고동,서빙고,20243
서원동,서원,20243
서원동,신림,20243
서초1동,교대(법원.검찰청),20243
서초2동,강남,20243
서초2동,양재(서초구청),20243
서초3동,교대(법원.검찰청),20243
서초3동,남부터미널(예술의전당),20243
서초3동,서초,20243
석관동,석계,20243
석촌동,석촌,20243
석촌동,석촌고분,20243
성내1동,강동구청,20243
성내2동,강동,20243
성내2동,천호(풍납토성),20243
성산2동,마포구청,20243
성산2동,월드컵경기장(성산),20243
성수1가1동,서울숲,20243
성수1가2동,뚝섬,20243
성수2가3동,성수,20243
소공동,시청,20243
소공동,을지로입구,20243
송천동,미아사거리,20243
송파1동,0,20243
수궁동,온수(성공회대입구),20243
수색동,디지털미디어시티,20243
수색동,수색,20243
수서동,수서,20243
수유1동,화계,20243
수유2동,가오리,20243
숭인2동,0,20243
시흥1동,금천구청,20243
신길1동,신길,20243
신길6동,보라매,20243
신길6동,신풍,20243
신길7동,대방,20243
신길7동,서울지방병무청,20243
신내1동,봉화산(서울의료원),20243
신당동,신당,20243
신당동,청구,20243
신대방2동,보라매공원,20243
신대방2동,보라매병원,20243
신도림동,도림천,20243
신도림동,신도림,20243
신림동,신림,20243
신사1동,응암,20243
신사2동,새절(신사),20243
신사동,신대방,20243
신정3동,신정네거리,20243
신정4동,신정(은행정),20243
신정7동,양천구청,20243
신촌동,신촌,20243
아현동,아현,20243
아현동,애오개,20243
안암동,안암(고대병원앞),20243
암사2동,암사,20243
암사3동,암사역사공원,20243
압구정동,압구정,20243
압구정동,압구정로데오,20243
약수동,버티고개,20243
약수동,약수,20243
양재1동,양재(서초구청),20243
양재2동,양재시민의숲(매헌),20243
양평1동,양평,20243
양평2동,선유도,20243
여의동,국회의사당,20243
여의동,샛강,20243
여의동,여의나루,20243
여의동,여의도,20243
역삼1동,강남,20243
역삼1동,선릉,20243
역삼1동,신논현,20243
역삼1동,언주,20243
역삼1동,역삼,20243
영등포동,신길,20243
영등포동,영등포시장,20243
영등포본동,영등포,20243
오금동,오금,20243
오류1동,오류동,20243
오류2동,천왕,20243
오륜동,올림픽공원(한국체대),20243
오륜동,한성백제,20243
옥수동,옥수,20243
왕십리2동,상왕십리,20243
용강동,마포,20243
용답동,답십리,20243
용답동,신답,20243
용답동,장한평,20243
용산2가동,녹사평(용산구청),20243
용신동,신설동,20243
용신동,용두(동대문구청),20243
용신동,제기동,20243
우이동,4.19민주묘지,20243
우이동,북한산우이,20243
우이동,솔밭공원,20243
우장산동,발산,20243
월계2동,월계,20243
월계3동,광운대,20243
월곡2동,상월곡(한국과학기술연구원),20243
월곡2동,월곡(동덕여대),20243
을지로동,을지로3가,20243
을지로동,을지로4가,20243
응봉동,응봉,20243
이문1동,외대앞,20243
이문2동,신이문,20243
이태원1동,이태원,20243
이화동,혜화,20243
인헌동,낙성대,20243
일원본동,일원,20243
자양4동,뚝섬유원지,20243
잠실2동,잠실새내,20243
잠실4동,몽촌토성(평화의문),20243
잠실4동,잠실나루,20243
잠실6동,잠실(송파구청),20243
잠실7동,종합운동장,20243
잠실본동,삼전,20243
잠원동,잠원,20243
장위2동,돌곶이,20243
장지동,장지,20243
장충동,동대입구,20243
전농1동,청량리(서울시립대입구),20243
정릉1동,정릉,20243
정릉4동,북한산보국문,20243
제기동,고려대(종암),20243
종로1.2.3.4가동,0,20243
종로5.6가동,0,20243
중계2.3동,0,20243
중곡3동,중곡,20243
중화2동,중랑,20243
중화2동,중화,20243
증산동,증산(명지대앞),20243
진관동,구파발,20243
창1동,녹천,20243
창1동,쌍문,20243
창5동,창동,20243
창신3동,창신,20243
천연동,독립문,20243
천호1동,굽은다리(강동구민회관앞),20243
청룡동,봉천,20243
청룡동,서울대입구(관악구청),20243
충현동,서대문,20243
충현동,충정로(경기대입구),20243
필동,충무로,20243
하계2동,하계,20243
한강로동,삼각지,20243
한강로동,신용산,20243
한강로동,용산,20243
한강로동,이촌(국립중앙박물관),20243
한남동,한강진,20243
한남동,한남,20243
행당1동,왕십리(성동구청),20243
행당2동,행당,20243
홍제1동,무악재,20243
홍제1동,홍제,20243
화곡1동,까치산,20243
화곡1동,화곡,20243
화양동,건대입구,20243
회현동,서울,20243
회현동,서울역,20243
회현동,회현(남대문시장),20243
효창동,0,20243
휘경1동,회기,20243
흑석동,흑석(중앙대입구),20243
가락1동,가락시장,20244
가락1동,송파,20244
가락2동,개롱,20244
가락2동,경찰병원,20244
가산동,가산디지털단지,20244
가산동,독산,20244
갈현1동,0,20244
갈현2동,구산,20244
개봉1동,개봉,20244
개포2동,개포동,20244
개포2동,구룡,20244
개포2동,대모산입구,20244
거여1동,거여,20244
공덕동,공덕,20244
공릉1동,공릉(서울과학기술대),20244
공릉1동,태릉입구,20244
공릉2동,화랑대(서울여대입구),20244
공항동,공항시장,20244
공항동,송정,20244
광장동,광나루(장신대),20244
광희동,동대문역사문화공원,20244
구로2동,구일,20244
구로3동,구로디지털단지,20244
구로3동,남구로,20244
구로5동,구로,20244
구의1동,구의(광진구청),20244
구의2동,아차산(어린이대공원후문),20244
구의3동,강변(동서울터미널),20244
금호1가동,신금호,20244
금호4가동,금호,20244
길동,길동,20244
길음1동,길음,20244
남가좌1동,가좌,20244
남영동,남영,20244
남영동,서울역,20244
남영동,숙대입구(갈월),20244
남현동,0,20244
내곡동,청계산입구,20244
노량진1동,노들,20244
노량진1동,노량진,20244
녹번동,녹번,20244
녹번동,역촌,20244
논현1동,논현,20244
논현1동,신사,20244
논현2동,강남구청,20244
논현2동,선정릉,20244
논현2동,학동,20244
능동,군자(능동),20244
능동,어린이대공원(세종대),20244
당산1동,영등포구청,20244
당산2동,당산,20244
대림3동,0,20244
대방동,보라매,20244
대방동,신대방삼거리,20244
대조동,불광,20244
대조동,연신내,20244
대치2동,대치,20244
대치2동,삼성,20244
대치2동,삼성(무역센터),20244
대치2동,학여울,20244
대치4동,0,20244
대학동,관악산(서울대),20244
대흥동,대흥(서강대앞),20244
대흥동,서강대,20244
대흥동,이대,20244
도곡1동,매봉,20244
도곡2동,도곡,20244
도곡2동,한티,20244
도봉2동,도봉,20244
도봉2동,도봉산,20244
독산1동,0,20244
동화동,0,20244
둔촌1동,둔촌동,20244
둔촌1동,둔촌오륜,20244
둔촌2동,중앙보훈병원,20244
등촌1동,증미,20244
등촌3동,가양,20244
마장동,마장,20244
마천1동,마천,20244
망우본동,신내,20244
망우본동,양원,20244
면목3.8동,0,20244
면목4동,용마산,20244
면목본동,면목,20244
명동,명동,20244
명일1동,명일,20244
명일2동,고덕,20244
목1동,목동,20244
목1동,오목교(목동운동장앞),20244
목2동,신목동,20244
목2동,염창,20244
목3동,등촌,20244
묵2동,먹골,20244
문래동,문래,20244
문정2동,문정,20244
문정2동,복정,20244
미아동,미아(서울사이버대학),20244
반포1동,반포,20244
반포1동,사평,20244
반포2동,신반포,20244
반포4동,고속터미널,20244
반포본동,구반포,20244
발산1동,우장산,20244
방배1동,내방,20244
방배2동,남태령,20244
방배3동,방배,20244
방이1동,방이,20244
방이2동,송파나루,20244
방학1동,방학,20244
방화1동,마곡나루,20244
방화1동,신방화,20244
방화2동,개화,20244
방화2동,개화산,20244
방화2동,김포공항,20244
번1동,수유(강북구청),20244
보라매동,0,20244
보문동,보문,20244
불광1동,독바위,20244
사근동,용답,20244
사근동,한양대,20244
사당2동,동작(현충원),20244
사당2동,총신대입구(이수),20244
사당4동,남성,20244
사직동,경복궁(정부서울청사),20244
사직동,광화문(세종문화회관),20244
삼선동,성신여대입구(돈암),20244
삼선동,한성대입구(삼선교),20244
삼성1동,봉은사,20244
삼성1동,청담,20244
삼성2동,삼성중앙,20244
삼성2동,선정릉,20244
삼양동,삼양,20244
삼양동,삼양사거리,20244
삼양동,솔샘,20244
상계1동,수락산,20244
상계2동,노원,20244
상계3.4동,0,20244
상계5동,상계,20244
상계8동,마들,20244
상도1동,상도,20244
상도1동,숭실대입구(살피재),20244
상도2동,장승배기,20244
상봉1동,망우,20244
상봉1동,상봉(시외버스터미널),20244
상봉2동,상봉(시외버스터미널),20244
상암동,디지털미디어시티,20244
서강동,광흥창(서강),20244
서강동,상수,20244
서교동,망원,20244
서교동,홍대입구,20244
서림동,서울대벤처타운,20244
서빙고동,서빙고,20244
서원동,서원,20244
서원동,신림,20244
서초1동,교대(법원.검찰청),20244
서초2동,강남,20244
서초2동,양재(서초구청),20244
서초3동,교대(법원.검찰청),20244
서초3동,남부터미널(예술의전당),20244
서초3동,서초,20244
석관동,석계,20244
석촌동,석촌,20244
석촌동,석촌고분,20244
성내1동,강동구청,20244
성내2동,강동,20244
성내2동,천호(풍납토성),20244
성산2동,마포구청,20244
성산2동,월드컵경기장(성산),20244
성수1가1동,서울숲,20244
성수1가2동,뚝섬,20244
성수2가3동,성수,20244
소공동,시청,20244
소공동,을지로입구,20244
송천동,미아사거리,20244
송파1동,0,20244
수궁동,온수(성공회대입구),20244
수색동,디지털미디어시티,20244
수색동,수색,20244
수서동,수서,20244
수유1동,화계,20244
수유2동,가오리,20244
숭인2동,0,20244
시흥1동,금천구청,20244
신길1동,신길,20244
신길6동,보라매,20244
신길6동,신풍,20244
신길7동,대방,20244
신길7동,서울지방병무청,20244
신내1동,봉화산(서울의료원),20244
신당동,신당,20244
신당동,청구,20244
신대방2동,보라매공원,20244
신대방2동,보라매병원,20244
신도림동,도림천,20244
신도림동,신도림,20244
신림동,신림,20244
신사1동,응암,20244
신사2동,새절(신사),20244
신사동,신대방,20244
신정3동,신정네거리,20244
신정4동,신정(은행정),20244
신정7동,양천구청,20244
신촌동,신촌,20244
아현동,아현,20244
아현동,애오개,20244
안암동,안암(고대병원앞),20244
암사2동,암사,20244
암사3동,암사역사공원,20244
압구정동,압구정,20244
압구정동,압구정로데오,20244
약수동,버티고개,20244
약수동,약수,20244
양재1동,양재(서초구청),20244
양재2동,양재시민의숲(매헌),20244
양평1동,양평,20244
양평2동,선유도,20244
여의동,국회의사당,20244
여의동,샛강,20244
여의동,여의나루,20244
여의동,여의도,20244
역삼1동,강남,20244
역삼1동,선릉,20244
역삼1동,신논현,20244
역삼1동,언주,20244
역삼1동,역삼,20244
영등포동,신길,20244
영등포동,영등포시장,20244
영등포본동,영등포,20244
오금동,오금,20244
오류1동,오류동,20244
오류2동,천왕,20244
오륜동,올림픽공원(한국체대),20244
오륜동,한성백제,20244
옥수동,옥수,20244
왕십리2동,상왕십리,20244
용강동,마포,20244
용답동,답십리,20244
용답동,신답,20244
용답동,장한평,20244
용산2가동,녹사평(용산구청),20244
용신동,신설동,20244
용신동,용두(동대문구청),20244
용신동,제기동,20244
우이동,4.19민주묘지,20244
우이동,북한산우이,20244
우이동,솔밭공원,20244
우장산동,발산,20244
월계2동,월계,20244
월계3동,광운대,20244
월곡2동,상월곡(한국과학기술연구원),20244
월곡2동,월곡(동덕여대),20244
을지로동,을지로3가,20244
을지로동,을지로4가,20244
응봉동,응봉,20244
이문1동,외대앞,20244
이문2동,신이문,20244
이태원1동,이태원,20244
이화동,혜화,20244
인헌동,낙성대,20244
일원본동,일원,20244
자양4동,뚝섬유원지,20244
잠실2동,잠실새내,20244
잠실4동,몽촌토성(평화의문),20244
잠실4동,잠실나루,20244
잠실6동,잠실(송파구청),20244
잠실7동,종합운동장,20244
잠실본동,삼전,20244
잠원동,잠원,20244
장위2동,돌곶이,20244
장지동,장지,20244
장충동,동대입구,20244
전농1동,청량리(서울시립대입구),20244
정릉1동,정릉,20244
정릉4동,북한산보국문,20244
제기동,고려대(종암),20244
종로1.2.3.4가동,0,20244
종로5.6가동,0,20244
중계2.3동,0,20244
중곡3동,중곡,20244
중화2동,중랑,20244
중화2동,중화,20244
증산동,증산(명지대앞),20244
진관동,구파발,20244
창1동,녹천,20244
창1동,쌍문,20244
창5동,창동,20244
창신3동,창신,20244
천연동,독립문,20244
천호1동,굽은다리(강동구민회관앞),20244
청룡동,봉천,20244
청룡동,서울대입구(관악구청),20244
충현동,서대문,20244
충현동,충정로(경기대입구),20244
필동,충무로,20244
하계2동,하계,20244
한강로동,삼각지,20244
한강로동,신용산,20244
한강로동,용산,20244
한강로동,이촌(국립중앙박물관),20244
한남동,한강진,20244
한남동,한남,20244
행당1동,왕십리(성동구청),20244
행당2동,행당,20244
홍제1동,무악재,20244
홍제1동,홍제,20244
화곡1동,까치산,20244
화곡1동,화곡,20244
화양동,건대입구,20244
회현동,서울,20244
회현동,서울역,20244
회현동,회현(남대문시장),20244
효창동,0,20244
휘경1동,회기,20244
흑석동,흑석(중앙대입구),20244
가락본동,오금,20241
가리봉동,0,20241
가양2동,0,20241
가양3동,0,20241
가회동,0,20241
개봉2동,0,20241
개봉3동,0,20241
개포1동,0,20241
개포4동,0,20241
거여2동,0,20241
고덕1동,0,20241
고덕2동,0,20241
고척1동,0,20241
고척2동,0,20241
교남동,0,20241
구로1동,0,20241
구로4동,대림(구로구청),20241
구산동,0,20241
군자동,0,20241
금호2.3가동,0,20241
길음2동,0,20241
낙성대동,0,20241
난곡동,0,20241
난향동,0,20241
남가좌2동,0,20241
노량진2동,0,20241
다산동,약수,20241
다산동,청구,20241
답십리1동,0,20241
답십리2동,0,20241
대림1동,0,20241
대림2동,대림(구로구청),20241
대치1동,도곡,20241
도림동,0,20241
도봉1동,0,20241
도화동,공덕,20241
독산2동,0,20241
독산3동,0,20241
독산4동,0,20241
돈암1동,0,20241
돈암2동,0,20241
동선동,0,20241
등촌2동,0,20241
마천2동,0,20241
망우3동,0,20241
망원1동,0,20241
망원2동,0,20241
면목2동,0,20241
면목5동,0,20241
면목7동,0,20241
목4동,0,20241
목5동,0,20241
무악동,0,20241
묵1동,0,20241
문정1동,0,20241
미성동,0,20241
반포3동,0,20241
방배4동,0,20241
방배본동,0,20241
방학2동,0,20241
방학3동,0,20241
번2동,0,20241
번3동,0,20241
보광동,0,20241
부암동,0,20241
북가좌1동,0,20241
북가좌2동,0,20241
북아현동,0,20241
불광2동,연신내,20241
사당1동,사당,20241
사당1동,이수,20241
사당3동,0,20241
사당5동,0,20241
삼각산동,0,20241
삼성동,0,20241
삼전동,0,20241
삼청동,0,20241
상계10동,0,20241
상계6.7동,0,20241
상계9동,0,20241
상도3동,0,20241
상도4동,0,20241
서초4동,0,20241
성내3동,0,20241
성북동,0,20241
성산1동,0,20241
성수2가1동,0,20241
성현동,0,20241
세곡동,0,20241
송정동,0,20241
송중동,0,20241
송파2동,0,20241
수유3동,0,20241
숭인1동,동묘앞,20241
시흥2동,0,20241
시흥3동,0,20241
시흥4동,0,20241
시흥5동,0,20241
신길3동,0,20241
신길4동,0,20241
신길5동,0,20241
신내2동,0,20241
신당5동,신당,20241
신대방1동,0,20241
신수동,0,20241
신원동,0,20241
신월1동,0,20241
신월2동,0,20241
신월3동,0,20241
신월4동,0,20241
신월5동,0,20241
신월6동,0,20241
신월7동,0,20241
신정1동,0,20241
신정2동,0,20241
신정6동,0,20241
쌍문1동,0,20241
쌍문2동,0,20241
쌍문3동,0,20241
쌍문4동,0,20241
암사1동,0,20241
암사3동,암사역사공원,20241
역삼2동,0,20241
역촌동,0,20241
연남동,0,20241
연희동,0,20241
염리동,0,20241
염창동,0,20241
왕십리도선동,0,20241
용문동,효창공원앞,20241
원효로1동,0,20241
원효로2동,0,20241
월계1동,0,20241
월곡1동,0,20241
위례동,0,20241
은천동,0,20241
응암1동,0,20241
응암2동,0,20241
응암3동,0,20241
이촌1동,0,20241
이촌2동,0,20241
이태원2동,0,20241
인수동,0,20241
일원1동,0,20241
자양1동,0,20241
자양2동,0,20241
자양3동,0,20241
잠실3동,0,20241
장안1동,0,20241
장안2동,0,20241
장위1동,0,20241
장위3동,0,20241
전농2동,0,20241
정릉2동,0,20241
정릉3동,0,20241
조원동,0,20241
종암동,0,20241
중계1동,0,20241
중계4동,0,20241
중계본동,0,20241
중곡1동,0,20241
중곡2동,0,20241
중곡4동,0,20241
중림동,0,20241
중앙동,0,20241
중화1동,0,20241
창2동,0,20241
창3동,0,20241
창4동,창동,20241
창신1동,동대문,20241
창신1동,동묘앞,20241
창신2동,0,20241
천호2동,0,20241
천호3동,0,20241
청구동,0,20241
청담동,0,20241
청량리동,0,20241
청림동,0,20241
청운효자동,0,20241
청파동,0,20241
평창동,0,20241
풍납1동,천호(풍납토성),20241
풍납2동,0,20241
하계1동,0,20241
합정동,합정,20241
행운동,0,20241
혜화동,0,20241
홍은1동,0,20241
홍은2동,0,20241
홍제2동,0,20241
홍제3동,0,20241
화곡2동,0,20241
화곡3동,0,20241
화곡4동,0,20241
화곡6동,0,20241
화곡8동,0,20241
화곡본동,0,20241
황학동,0,20241
회기동,0,20241
후암동,0,20241
휘경2동,0,20241
가락본동,오금,20244
가리봉동,0,20244
가양2동,0,20244
가양3동,0,20244
가회동,0,20244
개봉2동,0,20244
개봉3동,0,20244
개포1동,0,20244
개포3동,대청,20244
개포4동,0,20244
거여2동,0,20244
고덕1동,0,20244
고덕2동,0,20244
고척1동,0,20244
고척2동,0,20244
교남동,0,20244
구로1동,0,20244
구로4동,대림(구로구청),20244
구산동,0,20244
군자동,0,20244
금호2.3가동,0,20244
길음2동,0,20244
낙성대동,0,20244
난곡동,0,20244
난향동,0,20244
남가좌2동,0,20244
노량진2동,0,20244
다산동,약수,20244
다산동,청구,20244
답십리1동,0,20244
답십리2동,0,20244
대림1동,0,20244
대림2동,대림(구로구청),20244
대치1동,도곡,20244
도림동,0,20244
도봉1동,0,20244
도화동,공덕,20244
독산2동,0,20244
독산3동,0,20244
독산4동,0,20244
돈암1동,0,20244
돈암2동,0,20244
동선동,0,20244
등촌2동,0,20244
마천2동,0,20244
망우3동,0,20244
망원1동,0,20244
망원2동,0,20244
면목2동,0,20244
면목5동,0,20244
면목7동,0,20244
목4동,0,20244
목5동,0,20244
무악동,0,20244
묵1동,0,20244
문정1동,0,20244
미성동,0,20244
반포3동,0,20244
방배4동,0,20244
방배본동,0,20244
방학2동,0,20244
방학3동,0,20244
번2동,0,20244
번3동,0,20244
보광동,0,20244
부암동,0,20244
북가좌1동,0,20244
북가좌2동,0,20244
북아현동,0,20244
불광2동,연신내,20244
사당1동,사당,20244
사당1동,이수,20244
사당3동,0,20244
사당5동,0,20244
삼각산동,0,20244
삼성동,0,20244
삼전동,0,20244
삼청동,0,20244
상계10동,0,20244
상계6.7동,0,20244
상계9동,0,20244
상도3동,0,20244
상도4동,0,20244
상일1동,상일동,20244
상일2동,0,20244
서초4동,0,20244
성내3동,0,20244
성북동,0,20244
성산1동,0,20244
성수2가1동,0,20244
성현동,0,20244
세곡동,0,20244
송정동,0,20244
송중동,0,20244
송파2동,0,20244
수유3동,0,20244
숭인1동,동묘앞,20244
시흥2동,0,20244
시흥3동,0,20244
시흥4동,0,20244
시흥5동,0,20244
신길3동,0,20244
신길4동,0,20244
신길5동,0,20244
신내2동,0,20244
신당5동,신당,20244
신대방1동,0,20244
신수동,0,20244
신원동,0,20244
신월1동,0,20244
신월2동,0,20244
신월3동,0,20244
신월4동,0,20244
신월5동,0,20244
신월6동,0,20244
신월7동,0,20244
신정1동,0,20244
신정2동,0,20244
신정6동,0,20244
쌍문1동,0,20244
쌍문2동,0,20244
쌍문3동,0,20244
쌍문4동,0,20244
암사1동,0,20244
역삼2동,0,20244
역촌동,0,20244
연남동,0,20244
연희동,0,20244
염리동,0,20244
염창동,0,20244
왕십리도선동,0,20244
용문동,효창공원앞,20244
원효로1동,0,20244
원효로2동,0,20244
월계1동,0,20244
월곡1동,0,20244
위례동,0,20244
은천동,0,20244
응암1동,0,20244
응암2동,0,20244
응암3동,0,20244
이촌1동,0,20244
이촌2동,0,20244
이태원2동,0,20244
인수동,0,20244
일원1동,0,20244
자양1동,0,20244
자양2동,0,20244
자양3동,0,20244
잠실3동,0,20244
장안1동,0,20244
장안2동,0,20244
장위1동,0,20244
장위3동,0,20244
전농2동,0,20244
정릉2동,0,20244
정릉3동,0,20244
조원동,0,20244
종암동,0,20244
중계1동,0,20244
중계4동,0,20244
중계본동,0,20244
중곡1동,0,20244
중곡2동,0,20244
중곡4동,0,20244
중림동,0,20244
중앙동,0,20244
중화1동,0,20244
창2동,0,20244
창3동,0,20244
창4동,창동,20244
창신1동,동대문,20244
창신1동,동묘앞,20244
창신2동,0,20244
천호2동,0,20244
천호3동,0,20244
청구동,0,20244
청담동,0,20244
청량리동,0,20244
청림동,0,20244
청운효자동,0,20244
청파동,0,20244
평창동,0,20244
풍납1동,천호(풍납토성),20244
풍납2동,0,20244
하계1동,0,20244
합정동,합정,20244
항동,0,20244
행운동,0,20244
혜화동,0,20244
홍은1동,0,20244
홍은2동,0,20244
홍제2동,0,20244
홍제3동,0,20244
화곡2동,0,20244
화곡3동,0,20244
화곡4동,0,20244
화곡6동,0,20244
화곡8동,0,20244
화곡본동,0,20244
황학동,0,20244
회기동,0,20244
후암동,0,20244
휘경2동,0,20244
가락본동,오금,20242
가리봉동,0,20242
가양2동,0,20242
가양3동,0,20242
가회동,0,20242
개봉2동,0,20242
개봉3동,0,20242
개포1동,0,20242
개포4동,0,20242
거여2동,0,20242
고덕1동,0,20242
고덕2동,0,20242
고척1동,0,20242
고척2동,0,20242
교남동,0,20242
구로1동,0,20242
구로4동,대림(구로구청),20242
구산동,0,20242
군자동,0,20242
금호2.3가동,0,20242
길음2동,0,20242
낙성대동,0,20242
난곡동,0,20242
난향동,0,20242
남가좌2동,0,20242
노량진2동,0,20242
다산동,약수,20242
다산동,청구,20242
답십리1동,0,20242
답십리2동,0,20242
대림1동,0,20242
대림2동,대림(구로구청),20242
대치1동,도곡,20242
도림동,0,20242
도봉1동,0,20242
도화동,공덕,20242
독산2동,0,20242
독산3동,0,20242
독산4동,0,20242
돈암1동,0,20242
돈암2동,0,20242
동선동,0,20242
등촌2동,0,20242
마천2동,0,20242
망우3동,0,20242
망원1동,0,20242
망원2동,0,20242
면목2동,0,20242
면목5동,0,20242
면목7동,0,20242
목4동,0,20242
목5동,0,20242
무악동,0,20242
묵1동,0,20242
문정1동,0,20242
미성동,0,20242
반포3동,0,20242
방배4동,0,20242
방배본동,0,20242
방학2동,0,20242
방학3동,0,20242
번2동,0,20242
번3동,0,20242
보광동,0,20242
부암동,0,20242
북가좌1동,0,20242
북가좌2동,0,20242
북아현동,0,20242
불광2동,연신내,20242
사당1동,사당,20242
사당1동,이수,20242
사당3동,0,20242
사당5동,0,20242
삼각산동,0,20242
삼성동,0,20242
삼전동,0,20242
삼청동,0,20242
상계10동,0,20242
상계6.7동,0,20242
상계9동,0,20242
상도3동,0,20242
상도4동,0,20242
서초4동,0,20242
성내3동,0,20242
성북동,0,20242
성산1동,0,20242
성수2가1동,0,20242
성현동,0,20242
세곡동,0,20242
송정동,0,20242
송중동,0,20242
송파2동,0,20242
수유3동,0,20242
숭인1동,동묘앞,20242
시흥2동,0,20242
시흥3동,0,20242
시흥4동,0,20242
시흥5동,0,20242
신길3동,0,20242
신길4동,0,20242
신길5동,0,20242
신내2동,0,20242
신당5동,신당,20242
신대방1동,0,20242
신수동,0,20242
신원동,0,20242
신월1동,0,20242
신월2동,0,20242
신월3동,0,20242
신월4동,0,20242
신월5동,0,20242
신월6동,0,20242
신월7동,0,20242
신정1동,0,20242
신정2동,0,20242
신정6동,0,20242
쌍문1동,0,20242
쌍문2동,0,20242
쌍문3동,0,20242
쌍문4동,0,20242
암사1동,0,20242
암사3동,암사역사공원,20242
역삼2동,0,20242
역촌동,0,20242
연남동,0,20242
연희동,0,20242
염리동,0,20242
염창동,0,20242
왕십리도선동,0,20242
용문동,효창공원앞,20242
원효로1동,0,20242
원효로2동,0,20242
월계1동,0,20242
월곡1동,0,20242
위례동,0,20242
은천동,0,20242
응암1동,0,20242
응암2동,0,20242
응암3동,0,20242
이촌1동,0,20242
이촌2동,0,20242
이태원2동,0,20242
인수동,0,20242
일원1동,0,20242
자양1동,0,20242
자양2동,0,20242
자양3동,0,20242
잠실3동,0,20242
장안1동,0,20242
장안2동,0,20242
장위1동,0,20242
장위3동,0,20242
전농2동,0,20242
정릉2동,0,20242
정릉3동,0,20242
조원동,0,20242
종암동,0,20242
중계1동,0,20242
중계4동,0,20242
중계본동,0,20242
중곡1동,0,20242
중곡2동,0,20242
중곡4동,0,20242
중림동,0,20242
중앙동,0,20242
중화1동,0,20242
창2동,0,20242
창3동,0,20242
창4동,창동,20242
창신1동,동대문,20242
창신1동,동묘앞,20242
창신2동,0,20242
천호2동,0,20242
천호3동,0,20242
청구동,0,20242
청담동,0,20242
청량리동,0,20242
청림동,0,20242
청운효자동,0,20242
청파동,0,20242
평창동,0,20242
풍납1동,천호(풍납토성),20242
풍납2동,0,20242
하계1동,0,20242
합정동,합정,20242
행운동,0,20242
혜화동,0,20242
홍은1동,0,20242
홍은2동,0,20242
홍제2동,0,20242
홍제3동,0,20242
화곡2동,0,20242
화곡3동,0,20242
화곡4동,0,20242
화곡6동,0,20242
화곡8동,0,20242
화곡본동,0,20242
황학동,0,20242
회기동,0,20242
후암동,0,20242
휘경2동,0,20242
가락본동,오금,20243
가리봉동,0,20243
가양2동,0,20243
가양3동,0,20243
가회동,0,20243
개봉2동,0,20243
개봉3동,0,20243
개포1동,0,20243
개포3동,대청,20243
개포4동,0,20243
거여2동,0,20243
고덕1동,0,20243
고덕2동,0,20243
고척1동,0,20243
고척2동,0,20243
교남동,0,20243
구로1동,0,20243
구로4동,대림(구로구청),20243
구산동,0,20243
군자동,0,20243
금호2.3가동,0,20243
길음2동,0,20243
낙성대동,0,20243
난곡동,0,20243
난향동,0,20243
남가좌2동,0,20243
노량진2동,0,20243
다산동,약수,20243
다산동,청구,20243
답십리1동,0,20243
답십리2동,0,20243
대림1동,0,20243
대림2동,대림(구로구청),20243
대치1동,도곡,20243
도림동,0,20243
도봉1동,0,20243
도화동,공덕,20243
독산2동,0,20243
독산3동,0,20243
독산4동,0,20243
돈암1동,0,20243
돈암2동,0,20243
동선동,0,20243
등촌2동,0,20243
마천2동,0,20243
망우3동,0,20243
망원1동,0,20243
망원2동,0,20243
면목2동,0,20243
면목5동,0,20243
면목7동,0,20243
목4동,0,20243
목5동,0,20243
무악동,0,20243
묵1동,0,20243
문정1동,0,20243
미성동,0,20243
반포3동,0,20243
방배4동,0,20243
방배본동,0,20243
방학2동,0,20243
방학3동,0,20243
번2동,0,20243
번3동,0,20243
보광동,0,20243
부암동,0,20243
북가좌1동,0,20243
북가좌2동,0,20243
북아현동,0,20243
불광2동,연신내,20243
사당1동,사당,20243
사당1동,이수,20243
사당3동,0,20243
사당5동,0,20243
삼각산동,0,20243
삼성동,0,20243
삼전동,0,20243
삼청동,0,20243
상계10동,0,20243
상계6.7동,0,20243
상계9동,0,20243
상도3동,0,20243
상도4동,0,20243
상일1동,상일동,20243
상일2동,0,20243
서초4동,0,20243
성내3동,0,20243
성북동,0,20243
성산1동,0,20243
성수2가1동,0,20243
성현동,0,20243
세곡동,0,20243
송정동,0,20243
송중동,0,20243
송파2동,0,20243
수유3동,0,20243
숭인1동,동묘앞,20243
시흥2동,0,20243
시흥3동,0,20243
시흥4동,0,20243
시흥5동,0,20243
신길3동,0,20243
신길4동,0,20243
신길5동,0,20243
신내2동,0,20243
신당5동,신당,20243
신대방1동,0,20243
신수동,0,20243
신원동,0,20243
신월1동,0,20243
신월2동,0,20243
신월3동,0,20243
신월4동,0,20243
신월5동,0,20243
신월6동,0,20243
신월7동,0,20243
신정1동,0,20243
신정2동,0,20243
신정6동,0,20243
쌍문1동,0,20243
쌍문2동,0,20243
쌍문3동,0,20243
쌍문4동,0,20243
암사1동,0,20243
역삼2동,0,20243
역촌동,0,20243
연남동,0,20243
연희동,0,20243
염리동,0,20243
염창동,0,20243
왕십리도선동,0,20243
용문동,효창공원앞,20243
원효로1동,0,20243
원효로2동,0,20243
월계1동,0,20243
월곡1동,0,20243
위례동,0,20243
은천동,0,20243
응암1동,0,20243
응암2동,0,20243
응암3동,0,20243
이촌1동,0,20243
이촌2동,0,20243
이태원2동,0,20243
인수동,0,20243
일원1동,0,20243
자양1동,0,20243
자양2동,0,20243
자양3동,0,20243
잠실3동,0,20243
장안1동,0,20243
장안2동,0,20243
장위1동,0,20243
장위3동,0,20243
전농2동,0,20243
정릉2동,0,20243
정릉3동,0,20243
조원동,0,20243
종암동,0,20243
중계1동,0,20243
중계4동,0,20243
중계본동,0,20243
중곡1동,0,20243
중곡2동,0,20243
중곡4동,0,20243
중림동,0,20243
중앙동,0,20243
중화1동,0,20243
창2동,0,20243
창3동,0,20243
창4동,창동,20243
창신1동,동대문,20243
창신1동,동묘앞,20243
창신2동,0,20243
천호2동,0,20243
천호3동,0,20243
청구동,0,20243
청담동,0,20243
청량리동,0,20243
청림동,0,20243
청운효자동,0,20243
청파동,0,20243
평창동,0,20243
풍납1동,천호(풍납토성),20243
풍납2동,0,20243
하계1동,0,20243
합정동,합정,20243
항동,0,20243
행운동,0,20243
혜화동,0,20243
홍은1동,0,20243
홍은2동,0,20243
홍제2동,0,20243
홍제3동,0,20243
화곡2동,0,20243
화곡3동,0,20243
화곡4동,0,20243
화곡6동,0,20243
화곡8동,0,20243
화곡본동,0,20243
황학동,0,20243
회기동,0,20243
후암동,0,20243
휘경2동,0,20243
